query_id,bge_m3_ndcg10,snowflake_ndcg10,delta
Q0,0.333333,0.000000,0.333333
Q1,1.000000,1.000000,0.000000
Q10,1.000000,1.000000,0.000000
Q100,1.000000,1.000000,0.000000
Q101,1.000000,1.000000,0.000000
Q102,1.000000,1.000000,0.000000
Q103,1.000000,1.000000,0.000000
Q104,1.000000,1.000000,0.000000
Q105,1.000000,0.630930,0.369070
Q106,1.000000,1.000000,0.000000
Q107,1.000000,0.500000,0.500000
Q108,1.000000,1.000000,0.000000
Q109,1.000000,1.000000,0.000000
Q11,1.000000,1.000000,0.000000
Q110,1.000000,1.000000,0.000000
Q111,1.000000,1.000000,0.000000
Q112,1.000000,1.000000,0.000000
Q113,1.000000,1.000000,0.000000
Q114,1.000000,1.000000,0.000000
Q115,1.000000,1.000000,0.000000
Q116,1.000000,1.000000,0.000000
Q117,1.000000,1.000000,0.000000
Q118,1.000000,1.000000,0.000000
Q119,1.000000,0.000000,1.000000
Q12,0.630930,0.000000,0.630930
Q120,1.000000,1.000000,0.000000
Q121,1.000000,1.000000,0.000000
Q122,1.000000,1.000000,0.000000
Q123,0.630930,0.000000,0.630930
Q124,1.000000,0.333333,0.666667
Q125,1.000000,1.000000,0.000000
Q126,1.000000,1.000000,0.000000
Q127,1.000000,1.000000,0.000000
Q128,1.000000,0.500000,0.500000
Q129,1.000000,1.000000,0.000000
Q13,1.000000,1.000000,0.000000
Q130,1.000000,0.289065,0.710935
Q131,1.000000,0.000000,1.000000
Q132,1.000000,1.000000,0.000000
Q133,1.000000,1.000000,0.000000
Q134,1.000000,1.000000,0.000000
Q135,1.000000,1.000000,0.000000
Q136,1.000000,1.000000,0.000000
Q137,1.000000,1.000000,0.000000
Q138,1.000000,1.000000,0.000000
Q139,1.000000,0.430677,0.569323
Q14,1.000000,1.000000,0.000000
Q140,1.000000,1.000000,0.000000
Q141,1.000000,1.000000,0.000000
Q142,1.000000,1.000000,0.000000
Q143,1.000000,1.000000,0.000000
Q144,1.000000,1.000000,0.000000
Q145,1.000000,0.000000,1.000000
Q146,1.000000,0.000000,1.000000
Q147,1.000000,0.000000,1.000000
Q148,1.000000,1.000000,0.000000
Q149,1.000000,0.000000,1.000000
Q15,1.000000,1.000000,0.000000
Q150,1.000000,0.333333,0.666667
Q151,1.000000,0.000000,1.000000
Q152,1.000000,0.000000,1.000000
Q153,1.000000,1.000000,0.000000
Q154,0.630930,1.000000,-0.369070
Q155,1.000000,1.000000,0.000000
Q156,1.000000,1.000000,0.000000
Q157,1.000000,1.000000,0.000000
Q158,1.000000,1.000000,0.000000
Q159,1.000000,0.000000,1.000000
Q16,1.000000,0.000000,1.000000
Q160,1.000000,0.000000,1.000000
Q161,1.000000,1.000000,0.000000
Q162,1.000000,1.000000,0.000000
Q163,1.000000,1.000000,0.000000
Q164,1.000000,1.000000,0.000000
Q165,1.000000,1.000000,0.000000
Q166,0.630930,0.000000,0.630930
Q167,1.000000,0.000000,1.000000
Q168,1.000000,1.000000,0.000000
Q169,1.000000,0.000000,1.000000
Q17,1.000000,1.000000,0.000000
Q170,1.000000,0.386853,0.613147
Q171,0.000000,0.000000,0.000000
Q172,0.630930,0.500000,0.130930
Q173,1.000000,0.430677,0.569323
Q174,1.000000,0.630930,0.369070
Q175,1.000000,0.000000,1.000000
Q176,1.000000,1.000000,0.000000
Q177,1.000000,0.000000,1.000000
Q178,1.000000,0.333333,0.666667
Q179,1.000000,1.000000,0.000000
Q18,1.000000,1.000000,0.000000
Q180,0.630930,1.000000,-0.369070
Q181,1.000000,1.000000,0.000000
Q182,1.000000,0.500000,0.500000
Q183,1.000000,1.000000,0.000000
Q184,1.000000,1.000000,0.000000
Q185,1.000000,0.630930,0.369070
Q186,1.000000,1.000000,0.000000
Q187,1.000000,1.000000,0.000000
Q188,1.000000,1.000000,0.000000
Q189,1.000000,1.000000,0.000000
Q19,1.000000,1.000000,0.000000
Q190,1.000000,1.000000,0.000000
Q191,1.000000,1.000000,0.000000
Q192,1.000000,1.000000,0.000000
Q193,1.000000,1.000000,0.000000
Q194,1.000000,1.000000,0.000000
Q195,1.000000,1.000000,0.000000
Q196,1.000000,1.000000,0.000000
Q197,1.000000,1.000000,0.000000
Q198,1.000000,0.630930,0.369070
Q199,1.000000,1.000000,0.000000
Q2,1.000000,1.000000,0.000000
Q20,1.000000,1.000000,0.000000
Q200,1.000000,0.386853,0.613147
Q201,0.630930,1.000000,-0.369070
Q202,1.000000,1.000000,0.000000
Q203,1.000000,1.000000,0.000000
Q204,1.000000,0.315465,0.684535
Q205,1.000000,0.630930,0.369070
Q206,1.000000,1.000000,0.000000
Q207,1.000000,1.000000,0.000000
Q208,1.000000,0.386853,0.613147
Q209,1.000000,1.000000,0.000000
Q21,1.000000,1.000000,0.000000
Q210,1.000000,1.000000,0.000000
Q211,1.000000,1.000000,0.000000
Q212,1.000000,1.000000,0.000000
Q213,1.000000,1.000000,0.000000
Q214,1.000000,1.000000,0.000000
Q215,1.000000,1.000000,0.000000
Q216,1.000000,0.630930,0.369070
Q217,1.000000,1.000000,0.000000
Q218,1.000000,1.000000,0.000000
Q219,1.000000,1.000000,0.000000
Q22,1.000000,1.000000,0.000000
Q220,1.000000,1.000000,0.000000
Q221,1.000000,0.630930,0.369070
Q222,1.000000,0.000000,1.000000
Q223,1.000000,1.000000,0.000000
Q224,1.000000,1.000000,0.000000
Q225,1.000000,1.000000,0.000000
Q226,1.000000,1.000000,0.000000
Q227,1.000000,0.301030,0.698970
Q228,1.000000,0.000000,1.000000
Q229,1.000000,0.630930,0.369070
Q23,1.000000,1.000000,0.000000
Q230,1.000000,1.000000,0.000000
Q231,1.000000,1.000000,0.000000
Q232,1.000000,1.000000,0.000000
Q233,1.000000,1.000000,0.000000
Q234,1.000000,1.000000,0.000000
Q235,1.000000,0.630930,0.369070
Q236,1.000000,1.000000,0.000000
Q237,1.000000,1.000000,0.000000
Q238,1.000000,0.000000,1.000000
Q239,1.000000,1.000000,0.000000
Q24,1.000000,1.000000,0.000000
Q240,1.000000,1.000000,0.000000
Q241,0.630930,0.000000,0.630930
Q242,1.000000,1.000000,0.000000
Q243,0.630930,1.000000,-0.369070
Q244,1.000000,1.000000,0.000000
Q245,1.000000,1.000000,0.000000
Q246,1.000000,1.000000,0.000000
Q247,1.000000,1.000000,0.000000
Q248,1.000000,1.000000,0.000000
Q249,1.000000,1.000000,0.000000
Q25,1.000000,1.000000,0.000000
Q250,1.000000,1.000000,0.000000
Q251,1.000000,0.630930,0.369070
Q252,1.000000,1.000000,0.000000
Q253,1.000000,1.000000,0.000000
Q254,1.000000,0.386853,0.613147
Q255,1.000000,0.289065,0.710935
Q256,1.000000,1.000000,0.000000
Q257,0.630930,0.000000,0.630930
Q258,1.000000,0.000000,1.000000
Q259,1.000000,1.000000,0.000000
Q26,1.000000,1.000000,0.000000
Q260,1.000000,0.630930,0.369070
Q261,1.000000,1.000000,0.000000
Q262,1.000000,1.000000,0.000000
Q263,1.000000,1.000000,0.000000
Q264,1.000000,1.000000,0.000000
Q265,1.000000,1.000000,0.000000
Q266,0.386853,0.000000,0.386853
Q267,1.000000,0.630930,0.369070
Q268,1.000000,1.000000,0.000000
Q269,1.000000,1.000000,0.000000
Q27,1.000000,1.000000,0.000000
Q270,0.630930,0.000000,0.630930
Q271,1.000000,0.000000,1.000000
Q272,1.000000,0.000000,1.000000
Q273,1.000000,0.000000,1.000000
Q274,1.000000,1.000000,0.000000
Q275,1.000000,0.386853,0.613147
Q276,1.000000,0.430677,0.569323
Q277,1.000000,0.386853,0.613147
Q278,1.000000,0.000000,1.000000
Q279,1.000000,0.000000,1.000000
Q28,1.000000,1.000000,0.000000
Q280,0.000000,0.000000,0.000000
Q281,1.000000,0.000000,1.000000
Q282,1.000000,0.630930,0.369070
Q283,1.000000,0.301030,0.698970
Q284,1.000000,0.000000,1.000000
Q285,1.000000,0.000000,1.000000
Q286,1.000000,1.000000,0.000000
Q287,1.000000,0.430677,0.569323
Q288,1.000000,0.000000,1.000000
Q289,1.000000,1.000000,0.000000
Q29,1.000000,1.000000,0.000000
Q290,1.000000,0.000000,1.000000
Q291,1.000000,1.000000,0.000000
Q292,1.000000,0.500000,0.500000
Q293,1.000000,0.430677,0.569323
Q294,1.000000,1.000000,0.000000
Q295,1.000000,1.000000,0.000000
Q296,1.000000,1.000000,0.000000
Q297,1.000000,0.386853,0.613147
Q298,1.000000,0.500000,0.500000
Q299,1.000000,0.000000,1.000000
Q3,1.000000,1.000000,0.000000
Q30,1.000000,0.000000,1.000000
Q300,0.000000,0.000000,0.000000
Q301,0.333333,0.000000,0.333333
Q302,1.000000,0.630930,0.369070
Q303,0.630930,0.000000,0.630930
Q304,1.000000,1.000000,0.000000
Q305,1.000000,0.289065,0.710935
Q306,1.000000,1.000000,0.000000
Q307,1.000000,1.000000,0.000000
Q308,1.000000,1.000000,0.000000
Q309,1.000000,1.000000,0.000000
Q31,1.000000,1.000000,0.000000
Q310,1.000000,1.000000,0.000000
Q311,1.000000,0.500000,0.500000
Q312,1.000000,0.500000,0.500000
Q313,1.000000,1.000000,0.000000
Q314,0.630930,0.000000,0.630930
Q315,1.000000,1.000000,0.000000
Q316,1.000000,0.000000,1.000000
Q317,1.000000,0.630930,0.369070
Q318,1.000000,1.000000,0.000000
Q319,1.000000,1.000000,0.000000
Q32,1.000000,1.000000,0.000000
Q320,1.000000,0.000000,1.000000
Q321,1.000000,0.000000,1.000000
Q322,1.000000,1.000000,0.000000
Q323,1.000000,0.000000,1.000000
Q324,0.500000,0.000000,0.500000
Q325,1.000000,1.000000,0.000000
Q326,1.000000,1.000000,0.000000
Q327,0.630930,0.000000,0.630930
Q328,0.000000,0.000000,0.000000
Q329,0.630930,0.000000,0.630930
Q33,1.000000,1.000000,0.000000
Q330,1.000000,0.000000,1.000000
Q331,1.000000,1.000000,0.000000
Q332,1.000000,0.356207,0.643793
Q333,1.000000,1.000000,0.000000
Q334,1.000000,0.315465,0.684535
Q335,1.000000,0.630930,0.369070
Q336,1.000000,1.000000,0.000000
Q337,1.000000,0.315465,0.684535
Q338,1.000000,1.000000,0.000000
Q339,0.500000,0.000000,0.500000
Q34,1.000000,0.630930,0.369070
Q340,1.000000,1.000000,0.000000
Q341,1.000000,0.000000,1.000000
Q342,1.000000,0.000000,1.000000
Q343,1.000000,0.630930,0.369070
Q344,1.000000,0.301030,0.698970
Q345,1.000000,0.356207,0.643793
Q346,1.000000,1.000000,0.000000
Q347,1.000000,0.630930,0.369070
Q348,1.000000,0.000000,1.000000
Q349,0.630930,0.000000,0.630930
Q35,1.000000,1.000000,0.000000
Q350,1.000000,1.000000,0.000000
Q351,1.000000,1.000000,0.000000
Q352,1.000000,1.000000,0.000000
Q353,1.000000,1.000000,0.000000
Q354,1.000000,0.630930,0.369070
Q355,1.000000,1.000000,0.000000
Q356,0.430677,0.000000,0.430677
Q357,0.500000,0.000000,0.500000
Q358,1.000000,0.000000,1.000000
Q359,1.000000,0.000000,1.000000
Q36,1.000000,1.000000,0.000000
Q360,0.315465,0.000000,0.315465
Q361,1.000000,1.000000,0.000000
Q362,1.000000,0.630930,0.369070
Q363,1.000000,0.000000,1.000000
Q364,1.000000,1.000000,0.000000
Q365,1.000000,1.000000,0.000000
Q366,1.000000,1.000000,0.000000
Q367,1.000000,1.000000,0.000000
Q368,1.000000,0.315465,0.684535
Q369,1.000000,0.000000,1.000000
Q37,1.000000,1.000000,0.000000
Q370,1.000000,1.000000,0.000000
Q371,1.000000,1.000000,0.000000
Q372,1.000000,1.000000,0.000000
Q373,1.000000,1.000000,0.000000
Q374,1.000000,1.000000,0.000000
Q375,1.000000,1.000000,0.000000
Q376,1.000000,0.000000,1.000000
Q377,1.000000,0.000000,1.000000
Q378,1.000000,1.000000,0.000000
Q379,1.000000,0.301030,0.698970
Q38,1.000000,1.000000,0.000000
Q380,1.000000,1.000000,0.000000
Q381,1.000000,1.000000,0.000000
Q382,1.000000,1.000000,0.000000
Q383,1.000000,1.000000,0.000000
Q384,1.000000,0.430677,0.569323
Q385,1.000000,1.000000,0.000000
Q386,1.000000,1.000000,0.000000
Q387,1.000000,1.000000,0.000000
Q388,1.000000,1.000000,0.000000
Q389,1.000000,1.000000,0.000000
Q39,1.000000,1.000000,0.000000
Q390,1.000000,1.000000,0.000000
Q391,1.000000,1.000000,0.000000
Q392,1.000000,0.000000,1.000000
Q393,1.000000,0.000000,1.000000
Q394,1.000000,0.000000,1.000000
Q395,1.000000,0.000000,1.000000
Q396,1.000000,0.000000,1.000000
Q397,1.000000,1.000000,0.000000
Q398,1.000000,0.630930,0.369070
Q399,0.386853,0.430677,-0.043824
Q4,0.315465,0.000000,0.315465
Q40,1.000000,1.000000,0.000000
Q400,1.000000,1.000000,0.000000
Q401,0.630930,0.000000,0.630930
Q402,1.000000,0.000000,1.000000
Q403,1.000000,1.000000,0.000000
Q404,1.000000,1.000000,0.000000
Q405,1.000000,1.000000,0.000000
Q406,1.000000,0.630930,0.369070
Q407,1.000000,1.000000,0.000000
Q408,1.000000,1.000000,0.000000
Q409,1.000000,1.000000,0.000000
Q41,1.000000,1.000000,0.000000
Q410,1.000000,0.333333,0.666667
Q411,1.000000,1.000000,0.000000
Q412,1.000000,1.000000,0.000000
Q413,0.630930,0.000000,0.630930
Q414,1.000000,0.000000,1.000000
Q415,1.000000,1.000000,0.000000
Q416,1.000000,0.630930,0.369070
Q417,0.500000,0.000000,0.500000
Q418,1.000000,1.000000,0.000000
Q419,0.000000,0.000000,0.000000
Q42,1.000000,1.000000,0.000000
Q420,1.000000,1.000000,0.000000
Q421,1.000000,1.000000,0.000000
Q422,1.000000,1.000000,0.000000
Q423,1.000000,0.500000,0.500000
Q424,1.000000,0.430677,0.569323
Q425,1.000000,1.000000,0.000000
Q426,1.000000,1.000000,0.000000
Q427,1.000000,1.000000,0.000000
Q428,1.000000,0.000000,1.000000
Q429,0.630930,0.000000,0.630930
Q43,1.000000,1.000000,0.000000
Q430,1.000000,1.000000,0.000000
Q431,1.000000,0.000000,1.000000
Q432,0.630930,0.000000,0.630930
Q433,0.630930,0.000000,0.630930
Q434,1.000000,0.000000,1.000000
Q435,1.000000,0.630930,0.369070
Q436,1.000000,1.000000,0.000000
Q437,1.000000,1.000000,0.000000
Q438,1.000000,0.500000,0.500000
Q439,1.000000,0.500000,0.500000
Q44,1.000000,1.000000,0.000000
Q440,1.000000,0.630930,0.369070
Q441,1.000000,1.000000,0.000000
Q442,1.000000,1.000000,0.000000
Q443,0.630930,0.000000,0.630930
Q444,1.000000,0.000000,1.000000
Q445,1.000000,1.000000,0.000000
Q446,1.000000,1.000000,0.000000
Q447,1.000000,0.430677,0.569323
Q448,0.630930,0.500000,0.130930
Q449,1.000000,0.315465,0.684535
Q45,1.000000,1.000000,0.000000
Q450,1.000000,1.000000,0.000000
Q451,1.000000,1.000000,0.000000
Q452,1.000000,1.000000,0.000000
Q453,1.000000,1.000000,0.000000
Q454,1.000000,1.000000,0.000000
Q455,1.000000,1.000000,0.000000
Q456,1.000000,0.500000,0.500000
Q457,1.000000,0.000000,1.000000
Q458,0.630930,0.000000,0.630930
Q459,0.333333,0.000000,0.333333
Q46,1.000000,1.000000,0.000000
Q460,1.000000,0.630930,0.369070
Q461,1.000000,1.000000,0.000000
Q462,1.000000,0.386853,0.613147
Q463,0.630930,0.000000,0.630930
Q464,1.000000,1.000000,0.000000
Q465,1.000000,1.000000,0.000000
Q466,1.000000,1.000000,0.000000
Q467,1.000000,0.000000,1.000000
Q468,1.000000,0.500000,0.500000
Q469,1.000000,0.356207,0.643793
Q47,1.000000,1.000000,0.000000
Q470,1.000000,1.000000,0.000000
Q471,0.500000,0.356207,0.143793
Q472,0.630930,0.356207,0.274723
Q473,0.386853,0.000000,0.386853
Q474,1.000000,1.000000,0.000000
Q475,0.630930,0.630930,0.000000
Q476,1.000000,1.000000,0.000000
Q477,1.000000,1.000000,0.000000
Q478,1.000000,0.000000,1.000000
Q479,1.000000,0.000000,1.000000
Q48,1.000000,1.000000,0.000000
Q480,1.000000,0.000000,1.000000
Q481,1.000000,0.301030,0.698970
Q482,1.000000,1.000000,0.000000
Q483,1.000000,1.000000,0.000000
Q484,1.000000,1.000000,0.000000
Q485,1.000000,1.000000,0.000000
Q486,1.000000,0.430677,0.569323
Q487,0.630930,0.000000,0.630930
Q488,1.000000,0.630930,0.369070
Q489,1.000000,1.000000,0.000000
Q49,1.000000,1.000000,0.000000
Q490,1.000000,1.000000,0.000000
Q491,1.000000,1.000000,0.000000
Q492,1.000000,1.000000,0.000000
Q493,1.000000,1.000000,0.000000
Q494,1.000000,0.630930,0.369070
Q495,1.000000,1.000000,0.000000
Q496,1.000000,1.000000,0.000000
Q497,0.500000,0.000000,0.500000
Q498,0.500000,0.630930,-0.130930
Q499,0.630930,0.630930,0.000000
Q5,1.000000,0.000000,1.000000
Q50,1.000000,0.000000,1.000000
Q500,1.000000,0.000000,1.000000
Q501,1.000000,0.630930,0.369070
Q502,1.000000,0.630930,0.369070
Q503,1.000000,0.630930,0.369070
Q504,1.000000,0.289065,0.710935
Q505,1.000000,0.000000,1.000000
Q506,1.000000,0.000000,1.000000
Q507,1.000000,0.630930,0.369070
Q508,1.000000,0.000000,1.000000
Q509,0.430677,0.000000,0.430677
Q51,1.000000,1.000000,0.000000
Q510,1.000000,1.000000,0.000000
Q511,1.000000,1.000000,0.000000
Q512,0.000000,0.000000,0.000000
Q513,0.430677,0.000000,0.430677
Q514,1.000000,0.000000,1.000000
Q515,1.000000,0.000000,1.000000
Q516,1.000000,0.301030,0.698970
Q517,1.000000,0.000000,1.000000
Q518,1.000000,0.289065,0.710935
Q519,0.333333,0.000000,0.333333
Q52,1.000000,1.000000,0.000000
Q520,1.000000,1.000000,0.000000
Q521,1.000000,1.000000,0.000000
Q522,1.000000,0.430677,0.569323
Q523,1.000000,0.630930,0.369070
Q524,1.000000,1.000000,0.000000
Q525,1.000000,0.630930,0.369070
Q526,0.630930,0.000000,0.630930
Q527,0.333333,0.000000,0.333333
Q528,0.000000,0.000000,0.000000
Q529,0.000000,0.000000,0.000000
Q53,1.000000,1.000000,0.000000
Q530,1.000000,0.500000,0.500000
Q531,1.000000,0.356207,0.643793
Q532,1.000000,1.000000,0.000000
Q533,1.000000,0.000000,1.000000
Q534,1.000000,1.000000,0.000000
Q535,1.000000,1.000000,0.000000
Q536,1.000000,0.000000,1.000000
Q537,1.000000,1.000000,0.000000
Q538,1.000000,1.000000,0.000000
Q539,1.000000,1.000000,0.000000
Q54,1.000000,0.630930,0.369070
Q540,1.000000,1.000000,0.000000
Q541,1.000000,0.333333,0.666667
Q542,1.000000,0.000000,1.000000
Q543,1.000000,0.000000,1.000000
Q544,1.000000,0.000000,1.000000
Q545,1.000000,0.430677,0.569323
Q546,1.000000,1.000000,0.000000
Q547,0.000000,0.000000,0.000000
Q548,1.000000,0.386853,0.613147
Q549,1.000000,0.356207,0.643793
Q55,1.000000,1.000000,0.000000
Q550,1.000000,1.000000,0.000000
Q551,1.000000,1.000000,0.000000
Q552,1.000000,0.500000,0.500000
Q553,1.000000,1.000000,0.000000
Q554,1.000000,0.630930,0.369070
Q555,1.000000,0.000000,1.000000
Q556,0.500000,0.000000,0.500000
Q557,0.386853,0.000000,0.386853
Q558,1.000000,0.000000,1.000000
Q559,1.000000,0.500000,0.500000
Q56,1.000000,0.000000,1.000000
Q560,1.000000,1.000000,0.000000
Q561,0.630930,0.315465,0.315465
Q562,0.000000,0.000000,0.000000
Q563,0.000000,0.000000,0.000000
Q564,1.000000,1.000000,0.000000
Q565,1.000000,1.000000,0.000000
Q566,0.630930,0.000000,0.630930
Q567,1.000000,1.000000,0.000000
Q568,1.000000,0.500000,0.500000
Q569,0.000000,0.000000,0.000000
Q57,1.000000,0.000000,1.000000
Q570,1.000000,1.000000,0.000000
Q571,1.000000,1.000000,0.000000
Q572,1.000000,1.000000,0.000000
Q573,1.000000,1.000000,0.000000
Q574,1.000000,0.356207,0.643793
Q575,1.000000,0.630930,0.369070
Q576,0.430677,0.000000,0.430677
Q577,1.000000,1.000000,0.000000
Q578,1.000000,1.000000,0.000000
Q579,1.000000,0.000000,1.000000
Q58,1.000000,1.000000,0.000000
Q580,1.000000,0.000000,1.000000
Q581,1.000000,1.000000,0.000000
Q582,1.000000,0.630930,0.369070
Q583,0.430677,0.356207,0.074469
Q584,1.000000,0.630930,0.369070
Q585,1.000000,1.000000,0.000000
Q586,1.000000,1.000000,0.000000
Q587,0.500000,0.000000,0.500000
Q588,1.000000,0.630930,0.369070
Q589,1.000000,0.500000,0.500000
Q59,1.000000,1.000000,0.000000
Q590,1.000000,0.000000,1.000000
Q591,1.000000,0.500000,0.500000
Q592,0.630930,0.630930,0.000000
Q593,1.000000,0.500000,0.500000
Q594,1.000000,1.000000,0.000000
Q595,1.000000,0.430677,0.569323
Q596,1.000000,0.000000,1.000000
Q597,1.000000,1.000000,0.000000
Q598,1.000000,1.000000,0.000000
Q599,1.000000,1.000000,0.000000
Q6,1.000000,0.000000,1.000000
Q60,1.000000,0.301030,0.698970
Q600,0.000000,0.000000,0.000000
Q601,1.000000,0.000000,1.000000
Q602,0.386853,0.386853,0.000000
Q603,0.356207,0.000000,0.356207
Q604,1.000000,1.000000,0.000000
Q605,1.000000,1.000000,0.000000
Q606,1.000000,1.000000,0.000000
Q607,1.000000,0.301030,0.698970
Q608,1.000000,0.000000,1.000000
Q609,1.000000,0.430677,0.569323
Q61,1.000000,0.000000,1.000000
Q610,1.000000,0.000000,1.000000
Q611,1.000000,0.386853,0.613147
Q612,1.000000,0.630930,0.369070
Q613,0.315465,0.000000,0.315465
Q614,1.000000,1.000000,0.000000
Q615,1.000000,0.000000,1.000000
Q616,1.000000,0.386853,0.613147
Q617,1.000000,0.000000,1.000000
Q618,1.000000,0.000000,1.000000
Q619,1.000000,0.500000,0.500000
Q62,1.000000,1.000000,0.000000
Q620,1.000000,0.386853,0.613147
Q621,1.000000,0.630930,0.369070
Q622,1.000000,0.000000,1.000000
Q623,1.000000,0.315465,0.684535
Q624,1.000000,0.000000,1.000000
Q625,1.000000,0.000000,1.000000
Q626,1.000000,0.000000,1.000000
Q627,1.000000,1.000000,0.000000
Q628,0.630930,0.315465,0.315465
Q629,1.000000,0.630930,0.369070
Q63,1.000000,1.000000,0.000000
Q630,1.000000,1.000000,0.000000
Q631,1.000000,1.000000,0.000000
Q632,1.000000,1.000000,0.000000
Q633,1.000000,1.000000,0.000000
Q634,1.000000,0.000000,1.000000
Q635,1.000000,1.000000,0.000000
Q636,1.000000,1.000000,0.000000
Q637,1.000000,0.301030,0.698970
Q638,1.000000,0.000000,1.000000
Q639,1.000000,0.000000,1.000000
Q64,1.000000,1.000000,0.000000
Q640,1.000000,0.000000,1.000000
Q641,1.000000,1.000000,0.000000
Q642,1.000000,1.000000,0.000000
Q643,1.000000,0.000000,1.000000
Q644,0.000000,0.000000,0.000000
Q645,0.430677,0.301030,0.129647
Q646,1.000000,0.630930,0.369070
Q647,1.000000,1.000000,0.000000
Q648,1.000000,1.000000,0.000000
Q649,1.000000,1.000000,0.000000
Q65,1.000000,1.000000,0.000000
Q650,1.000000,1.000000,0.000000
Q651,1.000000,1.000000,0.000000
Q652,1.000000,1.000000,0.000000
Q653,1.000000,1.000000,0.000000
Q654,1.000000,1.000000,0.000000
Q655,1.000000,1.000000,0.000000
Q656,1.000000,1.000000,0.000000
Q657,1.000000,1.000000,0.000000
Q658,1.000000,1.000000,0.000000
Q659,1.000000,0.630930,0.369070
Q66,1.000000,1.000000,0.000000
Q660,1.000000,1.000000,0.000000
Q661,1.000000,0.630930,0.369070
Q662,1.000000,0.000000,1.000000
Q663,1.000000,0.333333,0.666667
Q664,1.000000,1.000000,0.000000
Q665,1.000000,1.000000,0.000000
Q666,1.000000,1.000000,0.000000
Q667,1.000000,1.000000,0.000000
Q668,1.000000,1.000000,0.000000
Q669,1.000000,1.000000,0.000000
Q67,1.000000,1.000000,0.000000
Q670,1.000000,1.000000,0.000000
Q671,1.000000,0.500000,0.500000
Q672,1.000000,0.356207,0.643793
Q673,1.000000,1.000000,0.000000
Q674,1.000000,1.000000,0.000000
Q675,1.000000,0.356207,0.643793
Q676,1.000000,0.630930,0.369070
Q677,1.000000,1.000000,0.000000
Q678,1.000000,1.000000,0.000000
Q679,1.000000,1.000000,0.000000
Q68,1.000000,1.000000,0.000000
Q680,0.000000,0.000000,0.000000
Q681,1.000000,0.315465,0.684535
Q682,1.000000,1.000000,0.000000
Q683,1.000000,1.000000,0.000000
Q684,0.630930,0.630930,0.000000
Q685,1.000000,1.000000,0.000000
Q686,1.000000,1.000000,0.000000
Q687,1.000000,0.000000,1.000000
Q688,1.000000,0.430677,0.569323
Q689,1.000000,1.000000,0.000000
Q69,1.000000,1.000000,0.000000
Q690,1.000000,0.630930,0.369070
Q691,1.000000,0.500000,0.500000
Q692,1.000000,1.000000,0.000000
Q693,1.000000,0.000000,1.000000
Q694,1.000000,0.500000,0.500000
Q695,1.000000,0.315465,0.684535
Q696,1.000000,0.000000,1.000000
Q697,1.000000,0.000000,1.000000
Q698,1.000000,0.430677,0.569323
Q699,1.000000,1.000000,0.000000
Q7,1.000000,0.430677,0.569323
Q70,1.000000,0.630930,0.369070
Q700,1.000000,1.000000,0.000000
Q701,1.000000,0.630930,0.369070
Q702,1.000000,0.630930,0.369070
Q703,1.000000,1.000000,0.000000
Q704,1.000000,1.000000,0.000000
Q705,1.000000,0.000000,1.000000
Q706,1.000000,1.000000,0.000000
Q707,1.000000,1.000000,0.000000
Q708,1.000000,0.000000,1.000000
Q709,1.000000,0.000000,1.000000
Q71,1.000000,1.000000,0.000000
Q710,1.000000,1.000000,0.000000
Q711,1.000000,0.000000,1.000000
Q712,1.000000,1.000000,0.000000
Q713,1.000000,0.000000,1.000000
Q714,1.000000,0.430677,0.569323
Q715,1.000000,1.000000,0.000000
Q716,1.000000,1.000000,0.000000
Q717,1.000000,1.000000,0.000000
Q718,1.000000,1.000000,0.000000
Q719,1.000000,0.333333,0.666667
Q72,1.000000,1.000000,0.000000
Q720,1.000000,0.386853,0.613147
Q721,1.000000,1.000000,0.000000
Q722,1.000000,1.000000,0.000000
Q723,0.356207,0.000000,0.356207
Q724,1.000000,1.000000,0.000000
Q725,1.000000,0.430677,0.569323
Q726,0.630930,1.000000,-0.369070
Q727,0.630930,1.000000,-0.369070
Q728,1.000000,1.000000,0.000000
Q729,1.000000,1.000000,0.000000
Q73,1.000000,1.000000,0.000000
Q730,1.000000,0.000000,1.000000
Q731,0.000000,0.000000,0.000000
Q732,0.000000,0.000000,0.000000
Q733,1.000000,0.000000,1.000000
Q734,1.000000,1.000000,0.000000
Q735,0.500000,0.000000,0.500000
Q736,1.000000,0.000000,1.000000
Q737,0.630930,0.000000,0.630930
Q738,1.000000,0.301030,0.698970
Q739,1.000000,0.000000,1.000000
Q74,1.000000,1.000000,0.000000
Q740,1.000000,0.386853,0.613147
Q741,1.000000,1.000000,0.000000
Q742,1.000000,1.000000,0.000000
Q743,1.000000,1.000000,0.000000
Q744,1.000000,1.000000,0.000000
Q745,1.000000,0.000000,1.000000
Q746,1.000000,1.000000,0.000000
Q747,1.000000,1.000000,0.000000
Q748,1.000000,1.000000,0.000000
Q749,1.000000,1.000000,0.000000
Q75,1.000000,0.500000,0.500000
Q750,1.000000,0.386853,0.613147
Q751,0.500000,0.315465,0.184535
Q752,1.000000,1.000000,0.000000
Q753,1.000000,1.000000,0.000000
Q754,1.000000,1.000000,0.000000
Q755,1.000000,0.333333,0.666667
Q756,1.000000,1.000000,0.000000
Q757,1.000000,1.000000,0.000000
Q758,1.000000,1.000000,0.000000
Q759,1.000000,1.000000,0.000000
Q76,1.000000,1.000000,0.000000
Q760,1.000000,1.000000,0.000000
Q761,1.000000,1.000000,0.000000
Q762,1.000000,1.000000,0.000000
Q763,1.000000,1.000000,0.000000
Q764,0.630930,1.000000,-0.369070
Q765,1.000000,0.500000,0.500000
Q766,1.000000,1.000000,0.000000
Q767,1.000000,0.430677,0.569323
Q768,1.000000,0.000000,1.000000
Q769,1.000000,1.000000,0.000000
Q77,1.000000,1.000000,0.000000
Q770,1.000000,1.000000,0.000000
Q771,1.000000,1.000000,0.000000
Q772,1.000000,1.000000,0.000000
Q773,0.000000,0.000000,0.000000
Q774,1.000000,1.000000,0.000000
Q775,1.000000,0.000000,1.000000
Q776,1.000000,1.000000,0.000000
Q777,1.000000,1.000000,0.000000
Q778,0.630930,0.500000,0.130930
Q779,1.000000,1.000000,0.000000
Q78,1.000000,1.000000,0.000000
Q780,1.000000,0.000000,1.000000
Q781,1.000000,1.000000,0.000000
Q782,1.000000,0.630930,0.369070
Q783,1.000000,1.000000,0.000000
Q784,1.000000,1.000000,0.000000
Q785,1.000000,1.000000,0.000000
Q786,1.000000,1.000000,0.000000
Q787,1.000000,0.000000,1.000000
Q788,1.000000,0.000000,1.000000
Q789,1.000000,1.000000,0.000000
Q79,1.000000,1.000000,0.000000
Q790,1.000000,1.000000,0.000000
Q791,1.000000,1.000000,0.000000
Q792,1.000000,1.000000,0.000000
Q793,1.000000,1.000000,0.000000
Q794,1.000000,0.000000,1.000000
Q795,0.630930,0.000000,0.630930
Q796,1.000000,0.500000,0.500000
Q797,1.000000,1.000000,0.000000
Q798,1.000000,1.000000,0.000000
Q799,1.000000,1.000000,0.000000
Q8,1.000000,0.500000,0.500000
Q80,0.630930,0.301030,0.329900
Q800,1.000000,0.630930,0.369070
Q801,1.000000,1.000000,0.000000
Q802,1.000000,1.000000,0.000000
Q803,1.000000,1.000000,0.000000
Q804,1.000000,1.000000,0.000000
Q805,1.000000,1.000000,0.000000
Q806,1.000000,1.000000,0.000000
Q807,1.000000,1.000000,0.000000
Q808,1.000000,1.000000,0.000000
Q809,0.630930,1.000000,-0.369070
Q81,1.000000,0.630930,0.369070
Q810,1.000000,1.000000,0.000000
Q811,1.000000,0.386853,0.613147
Q812,1.000000,1.000000,0.000000
Q813,1.000000,1.000000,0.000000
Q814,1.000000,1.000000,0.000000
Q815,1.000000,0.386853,0.613147
Q816,1.000000,0.500000,0.500000
Q817,1.000000,0.630930,0.369070
Q818,1.000000,0.386853,0.613147
Q819,1.000000,1.000000,0.000000
Q82,1.000000,1.000000,0.000000
Q820,0.630930,1.000000,-0.369070
Q821,0.500000,0.630930,-0.130930
Q822,1.000000,0.630930,0.369070
Q823,1.000000,1.000000,0.000000
Q824,1.000000,1.000000,0.000000
Q825,1.000000,1.000000,0.000000
Q826,1.000000,1.000000,0.000000
Q827,1.000000,1.000000,0.000000
Q828,1.000000,1.000000,0.000000
Q829,1.000000,1.000000,0.000000
Q83,1.000000,1.000000,0.000000
Q830,1.000000,0.630930,0.369070
Q831,0.386853,0.000000,0.386853
Q832,1.000000,0.000000,1.000000
Q833,1.000000,1.000000,0.000000
Q834,1.000000,0.500000,0.500000
Q835,1.000000,1.000000,0.000000
Q836,0.630930,0.333333,0.297596
Q837,1.000000,0.000000,1.000000
Q838,1.000000,1.000000,0.000000
Q839,1.000000,0.315465,0.684535
Q84,1.000000,0.630930,0.369070
Q840,1.000000,0.630930,0.369070
Q841,1.000000,1.000000,0.000000
Q842,1.000000,0.386853,0.613147
Q843,1.000000,0.000000,1.000000
Q844,1.000000,1.000000,0.000000
Q845,0.386853,0.430677,-0.043824
Q846,1.000000,0.500000,0.500000
Q847,1.000000,0.000000,1.000000
Q848,1.000000,1.000000,0.000000
Q849,1.000000,0.315465,0.684535
Q85,1.000000,0.500000,0.500000
Q850,1.000000,0.333333,0.666667
Q851,1.000000,1.000000,0.000000
Q852,1.000000,1.000000,0.000000
Q853,1.000000,1.000000,0.000000
Q854,1.000000,1.000000,0.000000
Q855,1.000000,1.000000,0.000000
Q856,1.000000,1.000000,0.000000
Q857,1.000000,1.000000,0.000000
Q858,0.630930,0.630930,0.000000
Q859,1.000000,1.000000,0.000000
Q86,1.000000,1.000000,0.000000
Q860,1.000000,0.630930,0.369070
Q861,1.000000,1.000000,0.000000
Q862,0.630930,1.000000,-0.369070
Q863,1.000000,1.000000,0.000000
Q864,1.000000,1.000000,0.000000
Q865,1.000000,1.000000,0.000000
Q866,1.000000,1.000000,0.000000
Q867,1.000000,1.000000,0.000000
Q868,0.630930,0.000000,0.630930
Q869,1.000000,1.000000,0.000000
Q87,1.000000,1.000000,0.000000
Q870,1.000000,0.500000,0.500000
Q871,1.000000,0.386853,0.613147
Q872,1.000000,0.333333,0.666667
Q873,1.000000,0.000000,1.000000
Q874,1.000000,1.000000,0.000000
Q875,1.000000,1.000000,0.000000
Q876,1.000000,1.000000,0.000000
Q877,1.000000,1.000000,0.000000
Q878,1.000000,1.000000,0.000000
Q879,1.000000,0.630930,0.369070
Q88,1.000000,1.000000,0.000000
Q880,1.000000,1.000000,0.000000
Q881,1.000000,0.630930,0.369070
Q882,1.000000,1.000000,0.000000
Q883,0.386853,0.630930,-0.244077
Q884,1.000000,0.630930,0.369070
Q885,1.000000,0.630930,0.369070
Q886,0.315465,0.000000,0.315465
Q887,1.000000,1.000000,0.000000
Q888,1.000000,0.630930,0.369070
Q889,1.000000,1.000000,0.000000
Q89,1.000000,1.000000,0.000000
Q890,1.000000,1.000000,0.000000
Q891,1.000000,1.000000,0.000000
Q892,1.000000,0.630930,0.369070
Q893,1.000000,1.000000,0.000000
Q894,1.000000,1.000000,0.000000
Q895,1.000000,1.000000,0.000000
Q896,1.000000,1.000000,0.000000
Q897,1.000000,1.000000,0.000000
Q898,1.000000,0.000000,1.000000
Q899,1.000000,0.000000,1.000000
Q9,1.000000,1.000000,0.000000
Q90,1.000000,0.630930,0.369070
Q91,1.000000,1.000000,0.000000
Q92,1.000000,0.356207,0.643793
Q93,1.000000,1.000000,0.000000
Q94,1.000000,1.000000,0.000000
Q95,1.000000,1.000000,0.000000
Q96,1.000000,1.000000,0.000000
Q97,1.000000,1.000000,0.000000
Q98,1.000000,1.000000,0.000000
Q99,1.000000,1.000000,0.000000
