model_id,short_name,params_numeric,dim,tier,dataset,ndcg_at_10,recall_at_10,mrr,source
Qwen/Qwen3-Embedding-0.6B,Qwen3-0.6B,600000000,1024,qwen_sub1b,ja_finance,94.72,99.76,93.03,own_eval
Qwen/Qwen3-Embedding-0.6B,Qwen3-0.6B,600000000,1024,qwen_sub1b,ja_law,26.46,41.44,21.91,own_eval
Qwen/Qwen3-Embedding-0.6B,Qwen3-0.6B,600000000,1024,qwen_sub1b,hi_finance,77.34,80.62,76.3,own_eval
Qwen/Qwen3-Embedding-0.6B,Qwen3-0.6B,600000000,1024,qwen_sub1b,hi_law,59.57,76.18,54.37,own_eval
Qwen/Qwen3-Embedding-4B,Qwen3-4B,4000000000,2560,large,ja_finance,95.89,100.0,94.52,own_eval
Qwen/Qwen3-Embedding-4B,Qwen3-4B,4000000000,2560,large,ja_law,28.62,43.02,24.19,own_eval
Qwen/Qwen3-Embedding-4B,Qwen3-4B,4000000000,2560,large,hi_finance,81.26,84.92,80.05,own_eval
Qwen/Qwen3-Embedding-4B,Qwen3-4B,4000000000,2560,large,hi_law,61.73,78.54,56.43,own_eval
Qwen/Qwen3-Embedding-8B,Qwen3-8B,8000000000,4096,xlarge,ja_finance,96.94,99.76,95.98,own_eval
Qwen/Qwen3-Embedding-8B,Qwen3-8B,8000000000,4096,xlarge,ja_law,27.37,41.89,22.89,own_eval
Qwen/Qwen3-Embedding-8B,Qwen3-8B,8000000000,4096,xlarge,hi_finance,78.47,82.77,77.07,own_eval
Qwen/Qwen3-Embedding-8B,Qwen3-8B,8000000000,4096,xlarge,hi_law,62.81,78.07,58.07,own_eval
Salesforce/SFR-Embedding-Mistral,SFR-Mistral,7000000000,4096,large,ja_finance,92.52,99.29,90.27,own_eval
Salesforce/SFR-Embedding-Mistral,SFR-Mistral,7000000000,4096,large,ja_law,23.42,38.06,18.9,own_eval
Salesforce/SFR-Embedding-Mistral,SFR-Mistral,7000000000,4096,large,hi_finance,73.03,79.08,71.12,own_eval
Salesforce/SFR-Embedding-Mistral,SFR-Mistral,7000000000,4096,large,hi_law,44.75,58.49,40.44,own_eval
BAAI/bge-m3,bge-m3,568000000,1024,medium,ja_finance,93.04,99.76,90.8,own_eval
BAAI/bge-m3,bge-m3,568000000,1024,medium,ja_law,23.41,35.59,19.66,own_eval
BAAI/bge-m3,bge-m3,568000000,1024,medium,hi_finance,78.13,83.08,76.58,own_eval
BAAI/bge-m3,bge-m3,568000000,1024,medium,hi_law,61.06,76.89,56.08,own_eval
intfloat/e5-large-v2,e5-large-v2,335000000,1024,medium,ja_finance,62.7,81.99,56.58,own_eval
intfloat/e5-large-v2,e5-large-v2,335000000,1024,medium,ja_law,9.4,15.77,7.49,own_eval
intfloat/e5-large-v2,e5-large-v2,335000000,1024,medium,hi_finance,19.44,28.31,16.71,own_eval
intfloat/e5-large-v2,e5-large-v2,335000000,1024,medium,hi_law,17.11,27.36,14.03,own_eval
intfloat/e5-mistral-7b-instruct,e5-mistral-7b,7000000000,4096,large,ja_finance,75.01,91.0,69.92,own_eval
intfloat/e5-mistral-7b-instruct,e5-mistral-7b,7000000000,4096,large,ja_law,7.41,14.64,5.21,own_eval
intfloat/e5-mistral-7b-instruct,e5-mistral-7b,7000000000,4096,large,hi_finance,48.92,63.08,44.38,own_eval
intfloat/e5-mistral-7b-instruct,e5-mistral-7b,7000000000,4096,large,hi_law,13.07,20.99,10.63,own_eval
intfloat/e5-small-v2,e5-small-v2,33000000,384,small,ja_finance,46.96,68.25,40.38,own_eval
intfloat/e5-small-v2,e5-small-v2,33000000,384,small,ja_law,8.9,17.57,6.31,own_eval
intfloat/e5-small-v2,e5-small-v2,33000000,384,small,hi_finance,9.98,16.92,7.89,own_eval
intfloat/e5-small-v2,e5-small-v2,33000000,384,small,hi_law,5.01,9.91,3.55,own_eval
ibm-granite/granite-embedding-107m-multilingual,granite-107m,107000000,768,small,ja_finance,89.35,98.58,86.31,own_eval
ibm-granite/granite-embedding-107m-multilingual,granite-107m,107000000,768,small,ja_law,17.98,28.38,14.79,own_eval
ibm-granite/granite-embedding-107m-multilingual,granite-107m,107000000,768,small,hi_finance,70.74,76.31,68.9,own_eval
ibm-granite/granite-embedding-107m-multilingual,granite-107m,107000000,768,small,hi_law,43.4,58.25,38.77,own_eval
microsoft/harrier-oss-v1-0.6b,harrier-0.6b,596000000,1024,medium,ja_finance,90.61,98.1,88.15,own_eval
microsoft/harrier-oss-v1-0.6b,harrier-0.6b,596000000,1024,medium,ja_law,21.92,36.71,17.47,own_eval
microsoft/harrier-oss-v1-0.6b,harrier-0.6b,596000000,1024,medium,hi_finance,75.49,80.92,73.7,own_eval
microsoft/harrier-oss-v1-0.6b,harrier-0.6b,596000000,1024,medium,hi_law,58.09,73.11,53.45,own_eval
jinaai/jina-embeddings-v5-text-nano,jina-v5-nano,212000000,1024,small,ja_finance,96.33,100.0,95.1,own_eval
jinaai/jina-embeddings-v5-text-nano,jina-v5-nano,212000000,1024,small,ja_law,24.61,39.19,20.22,own_eval
jinaai/jina-embeddings-v5-text-nano,jina-v5-nano,212000000,1024,small,hi_finance,73.47,77.85,72.04,own_eval
jinaai/jina-embeddings-v5-text-nano,jina-v5-nano,212000000,1024,small,hi_law,58.77,73.11,54.24,own_eval
nvidia/llama-embed-nemotron-8b,nemotron-8b,7500000000,4096,xlarge,ja_finance,88.19,97.63,85.13,own_eval
nvidia/llama-embed-nemotron-8b,nemotron-8b,7500000000,4096,xlarge,ja_law,24.81,39.86,20.23,own_eval
nvidia/llama-embed-nemotron-8b,nemotron-8b,7500000000,4096,xlarge,hi_finance,75.95,80.0,74.63,own_eval
nvidia/llama-embed-nemotron-8b,nemotron-8b,7500000000,4096,xlarge,hi_law,41.92,58.02,36.97,own_eval
intfloat/multilingual-e5-base,ml-e5-base,278000000,768,medium,ja_finance,80.84,93.13,76.94,own_eval
intfloat/multilingual-e5-base,ml-e5-base,278000000,768,medium,ja_law,16.22,27.7,12.72,own_eval
intfloat/multilingual-e5-base,ml-e5-base,278000000,768,medium,hi_finance,69.4,75.38,67.51,own_eval
intfloat/multilingual-e5-base,ml-e5-base,278000000,768,medium,hi_law,52.98,68.87,48.03,own_eval
intfloat/multilingual-e5-large-instruct,ml-e5-large-i,560000000,1024,medium,ja_finance,91.94,98.58,89.79,own_eval
intfloat/multilingual-e5-large-instruct,ml-e5-large-i,560000000,1024,medium,ja_law,22.18,37.61,17.48,own_eval
intfloat/multilingual-e5-large-instruct,ml-e5-large-i,560000000,1024,medium,hi_finance,75.09,77.54,74.29,own_eval
intfloat/multilingual-e5-large-instruct,ml-e5-large-i,560000000,1024,medium,hi_law,46.82,64.39,41.37,own_eval
intfloat/multilingual-e5-large,ml-e5-large,560000000,1024,medium,ja_finance,88.64,98.1,85.53,own_eval
intfloat/multilingual-e5-large,ml-e5-large,560000000,1024,medium,ja_law,25.01,38.51,20.82,own_eval
intfloat/multilingual-e5-large,ml-e5-large,560000000,1024,medium,hi_finance,71.7,77.54,69.77,own_eval
intfloat/multilingual-e5-large,ml-e5-large,560000000,1024,medium,hi_law,56.67,70.75,52.24,own_eval
intfloat/multilingual-e5-small,ml-e5-small,118000000,384,small,ja_finance,83.79,96.21,79.82,own_eval
intfloat/multilingual-e5-small,ml-e5-small,118000000,384,small,ja_law,19.17,31.76,15.28,own_eval
intfloat/multilingual-e5-small,ml-e5-small,118000000,384,small,hi_finance,71.17,77.85,69.04,own_eval
intfloat/multilingual-e5-small,ml-e5-small,118000000,384,small,hi_law,58.02,71.7,53.77,own_eval
Snowflake/snowflake-arctic-embed-l-v2.0,snowflake-l-v2,568000000,1024,medium,ja_finance,75.33,88.63,71.1,own_eval
Snowflake/snowflake-arctic-embed-l-v2.0,snowflake-l-v2,568000000,1024,medium,ja_law,12.02,21.85,8.97,own_eval
Snowflake/snowflake-arctic-embed-l-v2.0,snowflake-l-v2,568000000,1024,medium,hi_finance,77.17,81.54,75.74,own_eval
Snowflake/snowflake-arctic-embed-l-v2.0,snowflake-l-v2,568000000,1024,medium,hi_law,44.77,63.21,39.15,own_eval
BM25,BM25,0,0,baseline,ja_finance,50.33,63.03,46.27,bm25_baseline
BM25,BM25,0,0,baseline,ja_law,30.96,47.07,26.05,bm25_baseline
BM25,BM25,0,0,baseline,hi_finance,92.31,96.62,90.93,bm25_baseline
BM25,BM25,0,0,baseline,hi_law,78.98,89.39,75.68,bm25_baseline
