language_iso,model,included,local_rank,n_extended,lang_avg,n_tasks
ita,Qwen__Qwen3-Embedding-8B,True,1,53,0.95882,2
ita,google__gemini-embedding-001,True,2,53,0.95828,2
ita,perplexity-ai__pplx-embed-v1-4b,True,3,53,0.954995,2
ita,nvidia__llama-embed-nemotron-8b,True,4,53,0.952585,2
ita,GritLM__GritLM-7B,True,5,53,0.95001,2
ita,infly__inf-retriever-v1,True,6,53,0.948505,2
ita,Bytedance__Seed1.6-embedding-1215,True,7,53,0.94836,2
ita,tencent__KaLM-Embedding-Gemma3-12B-2511,True,8,53,0.946235,2
ita,microsoft__harrier-oss-v1-27b,True,9,53,0.943975,2
ita,Qwen__Qwen3-Embedding-4B,True,10,53,0.938345,2
ita,ICT-TIME-and-Querit__BOOM_4B_v1,True,11,53,0.937265,2
ita,perplexity-ai__pplx-embed-v1-0.6b,True,12,53,0.936845,2
ita,voyageai__voyage-3.5,True,13,53,0.9368,2
ita,ICT-TIME-and-Querit__ICT-TIME-and-Querit-embedding-v1,True,14,53,0.93664,2
ita,codefuse-ai__F2LLM-v2-14B,True,15,53,0.932265,2
ita,jinaai__jina-embeddings-v5-text-small,True,16,53,0.93222,2
ita,codefuse-ai__F2LLM-v2-8B,True,17,53,0.93121,2
ita,zeroentropy__zembed-1,True,18,53,0.93107,2
ita,google__embeddinggemma-300m,True,19,53,0.9295,2
ita,codefuse-ai__F2LLM-v2-4B,True,20,53,0.926625,2
ita,jinaai__jina-embeddings-v5-text-nano,True,21,53,0.9251,2
ita,infly__inf-retriever-v1-1.5b,True,22,53,0.922595,2
ita,codefuse-ai__F2LLM-v2-1.7B,True,23,53,0.9215,2
ita,BAAI__bge-m3,True,24,53,0.914135,2
ita,Snowflake__snowflake-arctic-embed-m-v2.0,True,25,53,0.91266,2
ita,codefuse-ai__F2LLM-v2-0.6B,True,26,53,0.90571,2
ita,BidirLM__BidirLM-Omni-2.5B-Embedding,True,27,53,0.90541,2
ita,Qwen__Qwen3-Embedding-0.6B,True,28,53,0.904775,2
ita,google__text-multilingual-embedding-002,True,29,53,0.89971,2
ita,BidirLM__BidirLM-1B-Embedding,True,30,53,0.8982049999999999,2
ita,codefuse-ai__F2LLM-v2-330M,True,31,53,0.89708,2
ita,microsoft__harrier-oss-v1-0.6b,True,32,53,0.89164,2
ita,BidirLM__BidirLM-1.7B-Embedding,True,33,53,0.8893500000000001,2
ita,ibm-granite__granite-embedding-311m-multilingual-r2,True,34,53,0.888015,2
ita,microsoft__harrier-oss-v1-270m,True,35,53,0.8818900000000001,2
ita,BidirLM__BidirLM-0.6B-Embedding,True,36,53,0.868735,2
ita,ibm-granite__granite-embedding-97m-multilingual-r2,True,37,53,0.860785,2
ita,codefuse-ai__F2LLM-v2-160M,True,38,53,0.855055,2
ita,BidirLM__BidirLM-270M-Embedding,True,39,53,0.834395,2
ita,codefuse-ai__F2LLM-v2-80M,True,40,53,0.8183750000000001,2
ita,sentence-transformers__static-similarity-mrl-multilingual-v1,True,41,53,0.68691,2
ita,sergeyzh__LaBSE-ru-turbo,True,42,53,0.566625,2
ita,sdadas__mmlw-e5-base,True,43,53,0.5384,2
ita,cointegrated__LaBSE-en-ru,True,44,53,0.512045,2
ita,sdadas__mmlw-e5-small,True,45,53,0.421065,2
ita,sergeyzh__rubert-tiny-turbo,True,46,53,0.240425,2
ita,cointegrated__rubert-tiny2,True,47,53,0.109745,2
ita,DeepPavlov__distilrubert-small-cased-conversational,True,48,53,0.09511,2
ita,cointegrated__rubert-tiny,True,49,53,0.08614,2
ita,DeepPavlov__rubert-base-cased-sentence,True,50,53,0.08346,2
ita,ai-forever__sbert_large_mt_nlu_ru,True,51,53,0.047805,2
ita,ai-forever__sbert_large_nlu_ru,True,52,53,0.0227549999999999,2
ita,deepvk__deberta-v1-base,True,53,53,0.02128,2
jpn,nvidia__llama-embed-nemotron-8b,True,1,54,0.8658950000000001,2
jpn,Qwen__Qwen3-Embedding-8B,True,2,54,0.8622449999999999,2
jpn,google__gemini-embedding-001,True,3,54,0.855765,2
jpn,Qwen__Qwen3-Embedding-4B,True,4,54,0.8343050000000001,2
jpn,microsoft__harrier-oss-v1-27b,True,5,54,0.83347,2
jpn,codefuse-ai__F2LLM-v2-14B,True,6,54,0.826395,2
jpn,perplexity-ai__pplx-embed-v1-4b,True,7,54,0.824655,2
jpn,perplexity-ai__pplx-embed-v1-0.6b,True,8,54,0.822765,2
jpn,BidirLM__BidirLM-1.7B-Embedding,True,9,54,0.81959,2
jpn,BAAI__bge-m3,True,10,54,0.816615,2
jpn,codefuse-ai__F2LLM-v2-8B,True,11,54,0.81516,2
jpn,google__embeddinggemma-300m,True,12,54,0.81429,2
jpn,jinaai__jina-embeddings-v5-text-small,True,13,54,0.81256,2
jpn,tencent__KaLM-Embedding-Gemma3-12B-2511,True,14,54,0.81104,2
jpn,jinaai__jina-embeddings-v5-text-nano,True,15,54,0.809625,2
jpn,BidirLM__BidirLM-1B-Embedding,True,16,54,0.80928,2
jpn,ICT-TIME-and-Querit__BOOM_4B_v1,True,17,54,0.801615,2
jpn,codefuse-ai__F2LLM-v2-4B,True,18,54,0.798495,2
jpn,BidirLM__BidirLM-Omni-2.5B-Embedding,True,19,54,0.795415,2
jpn,infly__inf-retriever-v1,True,20,54,0.795255,2
jpn,ICT-TIME-and-Querit__ICT-TIME-and-Querit-embedding-v1,True,21,54,0.7950900000000001,2
jpn,microsoft__harrier-oss-v1-0.6b,True,22,54,0.792705,2
jpn,Bytedance__Seed1.6-embedding-1215,True,23,54,0.787345,2
jpn,infly__inf-retriever-v1-1.5b,True,24,54,0.783895,2
jpn,BidirLM__BidirLM-0.6B-Embedding,True,25,54,0.78386,2
jpn,zeroentropy__zembed-1,True,26,54,0.78352,2
jpn,codefuse-ai__F2LLM-v2-1.7B,True,27,54,0.77827,2
jpn,Qwen__Qwen3-Embedding-0.6B,True,28,54,0.765205,2
jpn,voyageai__voyage-3.5,True,29,54,0.76285,2
jpn,codefuse-ai__F2LLM-v2-0.6B,True,30,54,0.75401,2
jpn,ibm-granite__granite-embedding-311m-multilingual-r2,True,31,54,0.7413350000000001,2
jpn,google__text-multilingual-embedding-002,True,32,54,0.734545,2
jpn,microsoft__harrier-oss-v1-270m,True,33,54,0.73314,2
jpn,codefuse-ai__F2LLM-v2-330M,True,34,54,0.71889,2
jpn,GritLM__GritLM-7B,True,35,54,0.71794,2
jpn,intfloat__multilingual-e5-small,True,36,54,0.716655,2
jpn,BidirLM__BidirLM-270M-Embedding,True,37,54,0.704635,2
jpn,ibm-granite__granite-embedding-97m-multilingual-r2,True,38,54,0.682445,2
jpn,Snowflake__snowflake-arctic-embed-m-v2.0,True,39,54,0.681665,2
jpn,codefuse-ai__F2LLM-v2-160M,True,40,54,0.67535,2
jpn,codefuse-ai__F2LLM-v2-80M,True,41,54,0.64486,2
jpn,sentence-transformers__static-similarity-mrl-multilingual-v1,True,42,54,0.387865,2
jpn,sdadas__mmlw-e5-small,True,43,54,0.02669,2
jpn,sdadas__mmlw-e5-base,True,44,54,0.02558,2
jpn,DeepPavlov__rubert-base-cased-sentence,True,45,54,0.025285,2
jpn,cointegrated__LaBSE-en-ru,True,46,54,0.01408,2
jpn,sergeyzh__LaBSE-ru-turbo,True,47,54,0.013345,2
jpn,sergeyzh__rubert-tiny-turbo,True,48,54,0.012825,2
jpn,cointegrated__rubert-tiny2,True,49,54,0.00816,2
jpn,ai-forever__sbert_large_mt_nlu_ru,True,50,54,0.00599,2
jpn,ai-forever__sbert_large_nlu_ru,True,51,54,0.005905,2
jpn,deepvk__deberta-v1-base,True,52,54,0.00521,2
jpn,DeepPavlov__distilrubert-small-cased-conversational,True,53,54,0.004505,2
jpn,cointegrated__rubert-tiny,True,54,54,0.00412,2
hin,google__gemini-embedding-001,True,1,53,0.8266625000000001,4
hin,Qwen__Qwen3-Embedding-8B,True,2,53,0.819995,4
hin,nvidia__llama-embed-nemotron-8b,True,3,53,0.8145775000000001,4
hin,tencent__KaLM-Embedding-Gemma3-12B-2511,True,4,53,0.7958700000000001,4
hin,microsoft__harrier-oss-v1-27b,True,5,53,0.7925599999999999,4
hin,Qwen__Qwen3-Embedding-4B,True,6,53,0.7905949999999999,4
hin,codefuse-ai__F2LLM-v2-14B,True,7,53,0.7763625000000001,4
hin,codefuse-ai__F2LLM-v2-8B,True,8,53,0.7750775000000001,4
hin,perplexity-ai__pplx-embed-v1-4b,True,9,53,0.774845,4
hin,codefuse-ai__F2LLM-v2-4B,True,10,53,0.76436,4
hin,ICT-TIME-and-Querit__ICT-TIME-and-Querit-embedding-v1,True,11,53,0.75543,4
hin,Bytedance__Seed1.6-embedding-1215,True,12,53,0.7517375,4
hin,zeroentropy__zembed-1,True,13,53,0.75169,4
hin,ICT-TIME-and-Querit__BOOM_4B_v1,True,14,53,0.7499425000000001,4
hin,infly__inf-retriever-v1,True,15,53,0.7492375,4
hin,jinaai__jina-embeddings-v5-text-small,True,16,53,0.7421975000000001,4
hin,codefuse-ai__F2LLM-v2-1.7B,True,17,53,0.7376100000000001,4
hin,google__embeddinggemma-300m,True,18,53,0.7317275,4
hin,jinaai__jina-embeddings-v5-text-nano,True,19,53,0.7218800000000001,4
hin,perplexity-ai__pplx-embed-v1-0.6b,True,20,53,0.714655,4
hin,BidirLM__BidirLM-Omni-2.5B-Embedding,True,21,53,0.7094875,4
hin,BidirLM__BidirLM-1B-Embedding,True,22,53,0.7001875,4
hin,BidirLM__BidirLM-1.7B-Embedding,True,23,53,0.6982125,4
hin,google__text-multilingual-embedding-002,True,24,53,0.69551,4
hin,voyageai__voyage-3.5,True,25,53,0.6755599999999999,4
hin,codefuse-ai__F2LLM-v2-0.6B,True,26,53,0.672775,4
hin,BAAI__bge-m3,True,27,53,0.66353,4
hin,microsoft__harrier-oss-v1-0.6b,True,28,53,0.6539,4
hin,Qwen__Qwen3-Embedding-0.6B,True,29,53,0.6488975,4
hin,codefuse-ai__F2LLM-v2-330M,True,30,53,0.6455875000000001,4
hin,GritLM__GritLM-7B,True,31,53,0.6416525,4
hin,infly__inf-retriever-v1-1.5b,True,32,53,0.6361600000000001,4
hin,ibm-granite__granite-embedding-311m-multilingual-r2,True,33,53,0.626975,4
hin,microsoft__harrier-oss-v1-270m,True,34,53,0.6122325000000001,4
hin,codefuse-ai__F2LLM-v2-160M,True,35,53,0.588935,4
hin,BidirLM__BidirLM-0.6B-Embedding,True,36,53,0.5698,4
hin,Snowflake__snowflake-arctic-embed-m-v2.0,True,37,53,0.5682,4
hin,codefuse-ai__F2LLM-v2-80M,True,38,53,0.54471,4
hin,BidirLM__BidirLM-270M-Embedding,True,39,53,0.5168550000000001,4
hin,ibm-granite__granite-embedding-97m-multilingual-r2,True,40,53,0.5043,4
hin,sentence-transformers__static-similarity-mrl-multilingual-v1,True,41,53,0.2445275,4
hin,sergeyzh__LaBSE-ru-turbo,True,42,53,0.0248525,4
hin,cointegrated__LaBSE-en-ru,True,43,53,0.024375,4
hin,sdadas__mmlw-e5-base,True,44,53,0.0237399999999999,4
hin,sdadas__mmlw-e5-small,True,45,53,0.02101,4
hin,sergeyzh__rubert-tiny-turbo,True,46,53,0.0166175,4
hin,cointegrated__rubert-tiny2,True,47,53,0.0114975,4
hin,DeepPavlov__rubert-base-cased-sentence,True,48,53,0.00821,4
hin,ai-forever__sbert_large_mt_nlu_ru,True,49,53,0.0079975,4
hin,ai-forever__sbert_large_nlu_ru,True,50,53,0.0065475,4
hin,cointegrated__rubert-tiny,True,51,53,0.005675,4
hin,DeepPavlov__distilrubert-small-cased-conversational,True,52,53,0.004535,4
hin,deepvk__deberta-v1-base,True,53,53,0.0035275,4
ara,google__gemini-embedding-001,True,1,54,0.8291033333333333,3
ara,Qwen__Qwen3-Embedding-8B,True,2,54,0.8271866666666666,3
ara,microsoft__harrier-oss-v1-27b,True,3,54,0.8042033333333333,3
ara,nvidia__llama-embed-nemotron-8b,True,4,54,0.79753,3
ara,tencent__KaLM-Embedding-Gemma3-12B-2511,True,5,54,0.7879466666666666,3
ara,codefuse-ai__F2LLM-v2-14B,True,6,54,0.7792666666666666,3
ara,codefuse-ai__F2LLM-v2-8B,True,7,54,0.7645966666666667,3
ara,Qwen__Qwen3-Embedding-4B,True,8,54,0.7565200000000001,3
ara,codefuse-ai__F2LLM-v2-4B,True,9,54,0.7372033333333334,3
ara,perplexity-ai__pplx-embed-v1-4b,True,10,54,0.7150533333333332,3
ara,infly__inf-retriever-v1,True,11,54,0.7105899999999999,3
ara,ICT-TIME-and-Querit__ICT-TIME-and-Querit-embedding-v1,True,12,54,0.7021866666666666,3
ara,ICT-TIME-and-Querit__BOOM_4B_v1,True,13,54,0.70212,3
ara,zeroentropy__zembed-1,True,14,54,0.6881900000000001,3
ara,jinaai__jina-embeddings-v5-text-small,True,15,54,0.6880566666666666,3
ara,codefuse-ai__F2LLM-v2-1.7B,True,16,54,0.6861133333333332,3
ara,Bytedance__Seed1.6-embedding-1215,True,17,54,0.6810666666666667,3
ara,BidirLM__BidirLM-Omni-2.5B-Embedding,True,18,54,0.6809666666666668,3
ara,jinaai__jina-embeddings-v5-text-nano,True,19,54,0.6771699999999999,3
ara,BidirLM__BidirLM-1.7B-Embedding,True,20,54,0.6729066666666667,3
ara,BidirLM__BidirLM-1B-Embedding,True,21,54,0.6489133333333333,3
ara,perplexity-ai__pplx-embed-v1-0.6b,True,22,54,0.6371866666666667,3
ara,google__embeddinggemma-300m,True,23,54,0.61444,3
ara,voyageai__voyage-3.5,True,24,54,0.60152,3
ara,codefuse-ai__F2LLM-v2-0.6B,True,25,54,0.5992799999999999,3
ara,BAAI__bge-m3,True,26,54,0.5968033333333334,3
ara,infly__inf-retriever-v1-1.5b,True,27,54,0.5948733333333334,3
ara,microsoft__harrier-oss-v1-0.6b,True,28,54,0.58887,3
ara,GritLM__GritLM-7B,True,29,54,0.5786466666666668,3
ara,codefuse-ai__F2LLM-v2-330M,True,30,54,0.5682366666666666,3
ara,google__text-multilingual-embedding-002,True,31,54,0.5671233333333333,3
ara,Qwen__Qwen3-Embedding-0.6B,True,32,54,0.5636000000000001,3
ara,BidirLM__BidirLM-0.6B-Embedding,True,33,54,0.5587966666666667,3
ara,microsoft__harrier-oss-v1-270m,True,34,54,0.54456,3
ara,codefuse-ai__F2LLM-v2-160M,True,35,54,0.49746,3
ara,ibm-granite__granite-embedding-311m-multilingual-r2,True,36,54,0.4939366666666666,3
ara,intfloat__multilingual-e5-small,True,37,54,0.48035,3
ara,codefuse-ai__F2LLM-v2-80M,True,38,54,0.4501366666666666,3
ara,ibm-granite__granite-embedding-97m-multilingual-r2,True,39,54,0.41971,3
ara,Snowflake__snowflake-arctic-embed-m-v2.0,True,40,54,0.4170766666666667,3
ara,BidirLM__BidirLM-270M-Embedding,True,41,54,0.4137533333333333,3
ara,sentence-transformers__static-similarity-mrl-multilingual-v1,True,42,54,0.17484,3
ara,cointegrated__LaBSE-en-ru,True,43,54,0.0230633333333333,3
ara,sergeyzh__LaBSE-ru-turbo,True,44,54,0.0221666666666666,3
ara,sdadas__mmlw-e5-small,True,45,54,0.0177066666666666,3
ara,sdadas__mmlw-e5-base,True,46,54,0.01405,3
ara,sergeyzh__rubert-tiny-turbo,True,47,54,0.0134633333333333,3
ara,cointegrated__rubert-tiny2,True,48,54,0.0078999999999999,3
ara,ai-forever__sbert_large_mt_nlu_ru,True,49,54,0.0078766666666666,3
ara,DeepPavlov__rubert-base-cased-sentence,True,50,54,0.0066633333333333,3
ara,cointegrated__rubert-tiny,True,51,54,0.0059766666666666,3
ara,ai-forever__sbert_large_nlu_ru,True,52,54,0.0052,3
ara,deepvk__deberta-v1-base,True,53,54,0.0046366666666666,3
ara,DeepPavlov__distilrubert-small-cased-conversational,True,54,54,0.0045433333333333,3
zho,Qwen__Qwen3-Embedding-8B,True,1,54,0.8028133333333334,3
zho,nvidia__llama-embed-nemotron-8b,True,2,54,0.8012,3
zho,google__gemini-embedding-001,True,3,54,0.7967866666666666,3
zho,Qwen__Qwen3-Embedding-4B,True,4,54,0.7828733333333333,3
zho,perplexity-ai__pplx-embed-v1-4b,True,5,54,0.7767733333333333,3
zho,perplexity-ai__pplx-embed-v1-0.6b,True,6,54,0.77515,3
zho,Bytedance__Seed1.6-embedding-1215,True,7,54,0.7750400000000001,3
zho,tencent__KaLM-Embedding-Gemma3-12B-2511,True,8,54,0.7688966666666667,3
zho,google__embeddinggemma-300m,True,9,54,0.7681566666666666,3
zho,ICT-TIME-and-Querit__ICT-TIME-and-Querit-embedding-v1,True,10,54,0.76609,3
zho,ICT-TIME-and-Querit__BOOM_4B_v1,True,11,54,0.76559,3
zho,jinaai__jina-embeddings-v5-text-small,True,12,54,0.7630533333333333,3
zho,zeroentropy__zembed-1,True,13,54,0.7623433333333334,3
zho,microsoft__harrier-oss-v1-27b,True,14,54,0.7574133333333334,3
zho,codefuse-ai__F2LLM-v2-14B,True,15,54,0.7570633333333333,3
zho,BidirLM__BidirLM-1.7B-Embedding,True,16,54,0.7554333333333334,3
zho,jinaai__jina-embeddings-v5-text-nano,True,17,54,0.7492899999999999,3
zho,codefuse-ai__F2LLM-v2-8B,True,18,54,0.7488333333333334,3
zho,infly__inf-retriever-v1,True,19,54,0.7487266666666667,3
zho,BAAI__bge-m3,True,20,54,0.7451166666666666,3
zho,BidirLM__BidirLM-Omni-2.5B-Embedding,True,21,54,0.74416,3
zho,BidirLM__BidirLM-1B-Embedding,True,22,54,0.74411,3
zho,infly__inf-retriever-v1-1.5b,True,23,54,0.7417866666666667,3
zho,codefuse-ai__F2LLM-v2-4B,True,24,54,0.7398266666666666,3
zho,codefuse-ai__F2LLM-v2-1.7B,True,25,54,0.7379899999999999,3
zho,BidirLM__BidirLM-0.6B-Embedding,True,26,54,0.7378533333333334,3
zho,microsoft__harrier-oss-v1-0.6b,True,27,54,0.7364766666666668,3
zho,Qwen__Qwen3-Embedding-0.6B,True,28,54,0.7293666666666666,3
zho,codefuse-ai__F2LLM-v2-0.6B,True,29,54,0.72105,3
zho,voyageai__voyage-3.5,True,30,54,0.7088599999999999,3
zho,codefuse-ai__F2LLM-v2-330M,True,31,54,0.70791,3
zho,ibm-granite__granite-embedding-311m-multilingual-r2,True,32,54,0.6880999999999999,3
zho,google__text-multilingual-embedding-002,True,33,54,0.68589,3
zho,microsoft__harrier-oss-v1-270m,True,34,54,0.6800866666666666,3
zho,GritLM__GritLM-7B,True,35,54,0.6696366666666665,3
zho,codefuse-ai__F2LLM-v2-160M,True,36,54,0.66432,3
zho,BidirLM__BidirLM-270M-Embedding,True,37,54,0.6638133333333333,3
zho,ibm-granite__granite-embedding-97m-multilingual-r2,True,38,54,0.6492666666666667,3
zho,codefuse-ai__F2LLM-v2-80M,True,39,54,0.64271,3
zho,Snowflake__snowflake-arctic-embed-m-v2.0,True,40,54,0.6283033333333333,3
zho,intfloat__multilingual-e5-small,True,41,54,0.6269899999999999,3
zho,sentence-transformers__static-similarity-mrl-multilingual-v1,True,42,54,0.4138433333333333,3
zho,cointegrated__LaBSE-en-ru,True,43,54,0.04213,3
zho,sergeyzh__LaBSE-ru-turbo,True,44,54,0.0362933333333333,3
zho,sdadas__mmlw-e5-small,True,45,54,0.0361099999999999,3
zho,sdadas__mmlw-e5-base,True,46,54,0.0341766666666666,3
zho,DeepPavlov__rubert-base-cased-sentence,True,47,54,0.03395,3
zho,sergeyzh__rubert-tiny-turbo,True,48,54,0.0278866666666666,3
zho,cointegrated__rubert-tiny2,True,49,54,0.0170333333333333,3
zho,ai-forever__sbert_large_mt_nlu_ru,True,50,54,0.0074966666666666,3
zho,ai-forever__sbert_large_nlu_ru,True,51,54,0.0066333333333333,3
zho,cointegrated__rubert-tiny,True,52,54,0.0063799999999999,3
zho,DeepPavlov__distilrubert-small-cased-conversational,True,53,54,0.0053666666666666,3
zho,deepvk__deberta-v1-base,True,54,54,0.00477,3
deu,Qwen__Qwen3-Embedding-8B,True,1,53,0.8372125,4
deu,google__gemini-embedding-001,True,2,53,0.8319924999999999,4
deu,nvidia__llama-embed-nemotron-8b,True,3,53,0.830745,4
deu,perplexity-ai__pplx-embed-v1-4b,True,4,53,0.8251850000000001,4
deu,Qwen__Qwen3-Embedding-4B,True,5,53,0.821975,4
deu,microsoft__harrier-oss-v1-27b,True,6,53,0.8113275,4
deu,tencent__KaLM-Embedding-Gemma3-12B-2511,True,7,53,0.80696,4
deu,perplexity-ai__pplx-embed-v1-0.6b,True,8,53,0.805645,4
deu,infly__inf-retriever-v1,True,9,53,0.80257,4
deu,jinaai__jina-embeddings-v5-text-small,True,10,53,0.7973075,4
deu,ICT-TIME-and-Querit__ICT-TIME-and-Querit-embedding-v1,True,11,53,0.7952825,4
deu,jinaai__jina-embeddings-v5-text-nano,True,12,53,0.7952025,4
deu,ICT-TIME-and-Querit__BOOM_4B_v1,True,13,53,0.7944825,4
deu,codefuse-ai__F2LLM-v2-14B,True,14,53,0.7940875000000001,4
deu,google__embeddinggemma-300m,True,15,53,0.7936775,4
deu,codefuse-ai__F2LLM-v2-8B,True,16,53,0.7927474999999999,4
deu,Bytedance__Seed1.6-embedding-1215,True,17,53,0.7884774999999999,4
deu,zeroentropy__zembed-1,True,18,53,0.7854924999999999,4
deu,codefuse-ai__F2LLM-v2-4B,True,19,53,0.7821125,4
deu,codefuse-ai__F2LLM-v2-1.7B,True,20,53,0.7798625,4
deu,BidirLM__BidirLM-Omni-2.5B-Embedding,True,21,53,0.7741825,4
deu,BAAI__bge-m3,True,22,53,0.771705,4
deu,infly__inf-retriever-v1-1.5b,True,23,53,0.7654675,4
deu,BidirLM__BidirLM-1.7B-Embedding,True,24,53,0.76372,4
deu,GritLM__GritLM-7B,True,25,53,0.76248,4
deu,BidirLM__BidirLM-1B-Embedding,True,26,53,0.76001,4
deu,voyageai__voyage-3.5,True,27,53,0.7590399999999999,4
deu,microsoft__harrier-oss-v1-0.6b,True,28,53,0.7586725,4
deu,Qwen__Qwen3-Embedding-0.6B,True,29,53,0.7564175,4
deu,codefuse-ai__F2LLM-v2-0.6B,True,30,53,0.7556275,4
deu,Snowflake__snowflake-arctic-embed-m-v2.0,True,31,53,0.7509650000000001,4
deu,codefuse-ai__F2LLM-v2-330M,True,32,53,0.7460025,4
deu,google__text-multilingual-embedding-002,True,33,53,0.7427525,4
deu,ibm-granite__granite-embedding-311m-multilingual-r2,True,34,53,0.7266475,4
deu,BidirLM__BidirLM-0.6B-Embedding,True,35,53,0.7261124999999999,4
deu,microsoft__harrier-oss-v1-270m,True,36,53,0.7247399999999999,4
deu,codefuse-ai__F2LLM-v2-160M,True,37,53,0.6950025,4
deu,ibm-granite__granite-embedding-97m-multilingual-r2,True,38,53,0.6876875,4
deu,BidirLM__BidirLM-270M-Embedding,True,39,53,0.6542300000000001,4
deu,codefuse-ai__F2LLM-v2-80M,True,40,53,0.6516625,4
deu,sentence-transformers__static-similarity-mrl-multilingual-v1,True,41,53,0.4817374999999999,4
deu,sergeyzh__LaBSE-ru-turbo,True,42,53,0.3475175,4
deu,cointegrated__LaBSE-en-ru,True,43,53,0.3134,4
deu,sdadas__mmlw-e5-base,True,44,53,0.30149,4
deu,sdadas__mmlw-e5-small,True,45,53,0.239295,4
deu,sergeyzh__rubert-tiny-turbo,True,46,53,0.1532224999999999,4
deu,DeepPavlov__rubert-base-cased-sentence,True,47,53,0.0717925,4
deu,cointegrated__rubert-tiny2,True,48,53,0.060285,4
deu,DeepPavlov__distilrubert-small-cased-conversational,True,49,53,0.03835,4
deu,cointegrated__rubert-tiny,True,50,53,0.03774,4
deu,ai-forever__sbert_large_mt_nlu_ru,True,51,53,0.0286775,4
deu,ai-forever__sbert_large_nlu_ru,True,52,53,0.02325,4
deu,deepvk__deberta-v1-base,True,53,53,0.01509,4
spa,google__gemini-embedding-001,True,1,28,0.7603125,4
spa,codefuse-ai__F2LLM-v2-14B,True,2,28,0.736105,4
spa,codefuse-ai__F2LLM-v2-8B,True,3,28,0.7307425,4
spa,infly__inf-retriever-v1,True,4,28,0.7252700000000001,4
spa,codefuse-ai__F2LLM-v2-4B,True,5,28,0.7218450000000001,4
spa,jinaai__jina-embeddings-v5-text-small,True,6,28,0.7170000000000001,4
spa,codefuse-ai__F2LLM-v2-1.7B,True,7,28,0.7104375,4
spa,jinaai__jina-embeddings-v5-text-nano,True,8,28,0.707505,4
spa,infly__inf-retriever-v1-1.5b,True,9,28,0.6952525,4
spa,codefuse-ai__F2LLM-v2-0.6B,True,10,28,0.6902649999999999,4
spa,GritLM__GritLM-7B,True,11,28,0.6758424999999999,4
spa,BAAI__bge-m3,True,12,28,0.67379,4
spa,codefuse-ai__F2LLM-v2-330M,True,13,28,0.6695125000000001,4
spa,codefuse-ai__F2LLM-v2-160M,True,14,28,0.61841,4
spa,codefuse-ai__F2LLM-v2-80M,True,15,28,0.57948,4
spa,sentence-transformers__static-similarity-mrl-multilingual-v1,True,16,28,0.3962675,4
spa,sergeyzh__LaBSE-ru-turbo,True,17,28,0.2392425,4
spa,cointegrated__LaBSE-en-ru,True,18,28,0.2232724999999999,4
spa,sdadas__mmlw-e5-base,True,19,28,0.2202225,4
spa,sdadas__mmlw-e5-small,True,20,28,0.1855025,4
spa,sergeyzh__rubert-tiny-turbo,True,21,28,0.0920749999999999,4
spa,cointegrated__rubert-tiny2,True,22,28,0.04412,4
spa,DeepPavlov__rubert-base-cased-sentence,True,23,28,0.0402775,4
spa,cointegrated__rubert-tiny,True,24,28,0.02364,4
spa,ai-forever__sbert_large_mt_nlu_ru,True,25,28,0.016865,4
spa,ai-forever__sbert_large_nlu_ru,True,26,28,0.01212,4
spa,DeepPavlov__distilrubert-small-cased-conversational,True,27,28,0.01149,4
spa,deepvk__deberta-v1-base,True,28,28,0.009085,4
rus,Qwen__Qwen3-Embedding-8B,True,1,57,0.8614850000000001,2
rus,nvidia__llama-embed-nemotron-8b,True,2,57,0.8589,2
rus,google__gemini-embedding-001,True,3,57,0.8487750000000001,2
rus,Qwen__Qwen3-Embedding-4B,True,4,57,0.832965,2
rus,microsoft__harrier-oss-v1-27b,True,5,57,0.829715,2
rus,perplexity-ai__pplx-embed-v1-4b,True,6,57,0.824125,2
rus,perplexity-ai__pplx-embed-v1-0.6b,True,7,57,0.8206100000000001,2
rus,tencent__KaLM-Embedding-Gemma3-12B-2511,True,8,57,0.817385,2
rus,BAAI__bge-m3,True,9,57,0.816175,2
rus,jinaai__jina-embeddings-v5-text-small,True,10,57,0.81423,2
rus,ICT-TIME-and-Querit__BOOM_4B_v1,True,11,57,0.80751,2
rus,codefuse-ai__F2LLM-v2-14B,True,12,57,0.80489,2
rus,codefuse-ai__F2LLM-v2-8B,True,13,57,0.804185,2
rus,ICT-TIME-and-Querit__ICT-TIME-and-Querit-embedding-v1,True,14,57,0.80325,2
rus,google__embeddinggemma-300m,True,15,57,0.80314,2
rus,BidirLM__BidirLM-1.7B-Embedding,True,16,57,0.80211,2
rus,infly__inf-retriever-v1,True,17,57,0.800935,2
rus,BidirLM__BidirLM-Omni-2.5B-Embedding,True,18,57,0.800235,2
rus,jinaai__jina-embeddings-v5-text-nano,True,19,57,0.799825,2
rus,deepvk__USER-bge-m3,True,20,57,0.794685,2
rus,codefuse-ai__F2LLM-v2-4B,True,21,57,0.792565,2
rus,BidirLM__BidirLM-1B-Embedding,True,22,57,0.790535,2
rus,microsoft__harrier-oss-v1-0.6b,True,23,57,0.786265,2
rus,codefuse-ai__F2LLM-v2-1.7B,True,24,57,0.784645,2
rus,infly__inf-retriever-v1-1.5b,True,25,57,0.783675,2
rus,BidirLM__BidirLM-0.6B-Embedding,True,26,57,0.77249,2
rus,zeroentropy__zembed-1,True,27,57,0.7708649999999999,2
rus,Bytedance__Seed1.6-embedding-1215,True,28,57,0.76998,2
rus,voyageai__voyage-3.5,True,29,57,0.7645649999999999,2
rus,Qwen__Qwen3-Embedding-0.6B,True,30,57,0.7624850000000001,2
rus,codefuse-ai__F2LLM-v2-0.6B,True,31,57,0.754605,2
rus,codefuse-ai__F2LLM-v2-330M,True,32,57,0.74644,2
rus,microsoft__harrier-oss-v1-270m,True,33,57,0.7411749999999999,2
rus,google__text-multilingual-embedding-002,True,34,57,0.73715,2
rus,sergeyzh__LaBSE-ru-turbo,True,35,57,0.731355,2
rus,GritLM__GritLM-7B,True,36,57,0.730845,2
rus,Snowflake__snowflake-arctic-embed-m-v2.0,True,37,57,0.716915,2
rus,intfloat__multilingual-e5-small,True,38,57,0.7135750000000001,2
rus,ibm-granite__granite-embedding-311m-multilingual-r2,True,39,57,0.706555,2
rus,codefuse-ai__F2LLM-v2-160M,True,40,57,0.6970050000000001,2
rus,BidirLM__BidirLM-270M-Embedding,True,41,57,0.6716249999999999,2
rus,codefuse-ai__F2LLM-v2-80M,True,42,57,0.666335,2
rus,ibm-granite__granite-embedding-97m-multilingual-r2,True,43,57,0.646115,2
rus,sergeyzh__rubert-tiny-turbo,True,44,57,0.5783750000000001,2
rus,deepvk__USER-base,True,45,57,0.53762,2
rus,cointegrated__LaBSE-en-ru,True,46,57,0.408295,2
rus,sentence-transformers__static-similarity-mrl-multilingual-v1,True,47,57,0.368305,2
rus,cointegrated__rubert-tiny2,True,48,57,0.28935,2
rus,ai-forever__sbert_large_mt_nlu_ru,True,49,57,0.213465,2
rus,ai-forever__sbert_large_nlu_ru,True,50,57,0.1608,2
rus,DeepPavlov__distilrubert-small-cased-conversational,True,51,57,0.132,2
rus,cointegrated__rubert-tiny,True,52,57,0.13013,2
rus,DeepPavlov__rubert-base-cased-sentence,True,53,57,0.121685,2
rus,deepvk__deberta-v1-base,True,54,57,0.073415,2
rus,DeepPavlov__rubert-base-cased,True,55,57,0.064355,2
rus,sdadas__mmlw-e5-small,True,56,57,0.042985,2
rus,sdadas__mmlw-e5-base,True,57,57,0.034585,2
fra,Qwen__Qwen3-Embedding-8B,True,1,54,0.803995,2
fra,nvidia__llama-embed-nemotron-8b,True,2,54,0.79067,2
fra,Qwen__Qwen3-Embedding-4B,True,3,54,0.777055,2
fra,perplexity-ai__pplx-embed-v1-0.6b,True,4,54,0.7750950000000001,2
fra,jinaai__jina-embeddings-v5-text-small,True,5,54,0.770605,2
fra,google__embeddinggemma-300m,True,6,54,0.767865,2
fra,microsoft__harrier-oss-v1-27b,True,7,54,0.76764,2
fra,perplexity-ai__pplx-embed-v1-4b,True,8,54,0.7662100000000001,2
fra,google__gemini-embedding-001,True,9,54,0.76468,2
fra,BAAI__bge-m3,True,10,54,0.763755,2
fra,jinaai__jina-embeddings-v5-text-nano,True,11,54,0.763235,2
fra,tencent__KaLM-Embedding-Gemma3-12B-2511,True,12,54,0.762885,2
fra,ICT-TIME-and-Querit__ICT-TIME-and-Querit-embedding-v1,True,13,54,0.758795,2
fra,BidirLM__BidirLM-1.7B-Embedding,True,14,54,0.7586550000000001,2
fra,BidirLM__BidirLM-1B-Embedding,True,15,54,0.7582500000000001,2
fra,ICT-TIME-and-Querit__BOOM_4B_v1,True,16,54,0.7578400000000001,2
fra,codefuse-ai__F2LLM-v2-1.7B,True,17,54,0.75564,2
fra,codefuse-ai__F2LLM-v2-4B,True,18,54,0.75427,2
fra,codefuse-ai__F2LLM-v2-14B,True,19,54,0.7541100000000001,2
fra,BidirLM__BidirLM-Omni-2.5B-Embedding,True,20,54,0.75403,2
fra,microsoft__harrier-oss-v1-0.6b,True,21,54,0.75351,2
fra,codefuse-ai__F2LLM-v2-8B,True,22,54,0.75004,2
fra,infly__inf-retriever-v1-1.5b,True,23,54,0.7439549999999999,2
fra,BidirLM__BidirLM-0.6B-Embedding,True,24,54,0.7432399999999999,2
fra,Qwen__Qwen3-Embedding-0.6B,True,25,54,0.73804,2
fra,Snowflake__snowflake-arctic-embed-m-v2.0,True,26,54,0.7377549999999999,2
fra,codefuse-ai__F2LLM-v2-0.6B,True,27,54,0.736645,2
fra,infly__inf-retriever-v1,True,28,54,0.7330099999999999,2
fra,Bytedance__Seed1.6-embedding-1215,True,29,54,0.729975,2
fra,codefuse-ai__F2LLM-v2-330M,True,30,54,0.7182299999999999,2
fra,zeroentropy__zembed-1,True,31,54,0.71409,2
fra,microsoft__harrier-oss-v1-270m,True,32,54,0.7111099999999999,2
fra,ibm-granite__granite-embedding-311m-multilingual-r2,True,33,54,0.7106600000000001,2
fra,google__text-multilingual-embedding-002,True,34,54,0.694955,2
fra,intfloat__multilingual-e5-small,True,35,54,0.681335,2
fra,BidirLM__BidirLM-270M-Embedding,True,36,54,0.675525,2
fra,ibm-granite__granite-embedding-97m-multilingual-r2,True,37,54,0.6753,2
fra,codefuse-ai__F2LLM-v2-160M,True,38,54,0.6688149999999999,2
fra,voyageai__voyage-3.5,True,39,54,0.668555,2
fra,GritLM__GritLM-7B,True,40,54,0.65696,2
fra,codefuse-ai__F2LLM-v2-80M,True,41,54,0.627255,2
fra,sentence-transformers__static-similarity-mrl-multilingual-v1,True,42,54,0.419455,2
fra,sergeyzh__LaBSE-ru-turbo,True,43,54,0.35665,2
fra,cointegrated__LaBSE-en-ru,True,44,54,0.2998,2
fra,sdadas__mmlw-e5-base,True,45,54,0.288595,2
fra,sdadas__mmlw-e5-small,True,46,54,0.233565,2
fra,sergeyzh__rubert-tiny-turbo,True,47,54,0.09283,2
fra,DeepPavlov__rubert-base-cased-sentence,True,48,54,0.038465,2
fra,cointegrated__rubert-tiny2,True,49,54,0.038075,2
fra,ai-forever__sbert_large_mt_nlu_ru,True,50,54,0.0172,2
fra,cointegrated__rubert-tiny,True,51,54,0.015915,2
fra,DeepPavlov__distilrubert-small-cased-conversational,True,52,54,0.015695,2
fra,ai-forever__sbert_large_nlu_ru,True,53,54,0.01171,2
fra,deepvk__deberta-v1-base,True,54,54,0.01087,2
kor,nvidia__llama-embed-nemotron-8b,True,1,54,0.839055,2
kor,Qwen__Qwen3-Embedding-8B,True,2,54,0.83304,2
kor,google__gemini-embedding-001,True,3,54,0.822155,2
kor,perplexity-ai__pplx-embed-v1-4b,True,4,54,0.81768,2
kor,Qwen__Qwen3-Embedding-4B,True,5,54,0.81343,2
kor,microsoft__harrier-oss-v1-27b,True,6,54,0.80471,2
kor,perplexity-ai__pplx-embed-v1-0.6b,True,7,54,0.80416,2
kor,jinaai__jina-embeddings-v5-text-small,True,8,54,0.7973049999999999,2
kor,google__embeddinggemma-300m,True,9,54,0.795145,2
kor,BAAI__bge-m3,True,10,54,0.79188,2
kor,codefuse-ai__F2LLM-v2-8B,True,11,54,0.7918449999999999,2
kor,jinaai__jina-embeddings-v5-text-nano,True,12,54,0.78729,2
kor,tencent__KaLM-Embedding-Gemma3-12B-2511,True,13,54,0.7863450000000001,2
kor,codefuse-ai__F2LLM-v2-14B,True,14,54,0.7806550000000001,2
kor,ICT-TIME-and-Querit__BOOM_4B_v1,True,15,54,0.78037,2
kor,BidirLM__BidirLM-1.7B-Embedding,True,16,54,0.78017,2
kor,Bytedance__Seed1.6-embedding-1215,True,17,54,0.7782100000000001,2
kor,BidirLM__BidirLM-1B-Embedding,True,18,54,0.777355,2
kor,ICT-TIME-and-Querit__ICT-TIME-and-Querit-embedding-v1,True,19,54,0.7757000000000001,2
kor,BidirLM__BidirLM-Omni-2.5B-Embedding,True,20,54,0.77277,2
kor,infly__inf-retriever-v1,True,21,54,0.770775,2
kor,zeroentropy__zembed-1,True,22,54,0.769275,2
kor,codefuse-ai__F2LLM-v2-1.7B,True,23,54,0.764205,2
kor,codefuse-ai__F2LLM-v2-4B,True,24,54,0.763325,2
kor,infly__inf-retriever-v1-1.5b,True,25,54,0.754445,2
kor,voyageai__voyage-3.5,True,26,54,0.74779,2
kor,microsoft__harrier-oss-v1-0.6b,True,27,54,0.74392,2
kor,codefuse-ai__F2LLM-v2-0.6B,True,28,54,0.74243,2
kor,Qwen__Qwen3-Embedding-0.6B,True,29,54,0.7406999999999999,2
kor,GritLM__GritLM-7B,True,30,54,0.73122,2
kor,codefuse-ai__F2LLM-v2-330M,True,31,54,0.72392,2
kor,BidirLM__BidirLM-0.6B-Embedding,True,32,54,0.72255,2
kor,google__text-multilingual-embedding-002,True,33,54,0.71611,2
kor,ibm-granite__granite-embedding-311m-multilingual-r2,True,34,54,0.7092499999999999,2
kor,microsoft__harrier-oss-v1-270m,True,35,54,0.68586,2
kor,Snowflake__snowflake-arctic-embed-m-v2.0,True,36,54,0.657465,2
kor,codefuse-ai__F2LLM-v2-160M,True,37,54,0.654785,2
kor,intfloat__multilingual-e5-small,True,38,54,0.651605,2
kor,ibm-granite__granite-embedding-97m-multilingual-r2,True,39,54,0.64404,2
kor,codefuse-ai__F2LLM-v2-80M,True,40,54,0.6138399999999999,2
kor,BidirLM__BidirLM-270M-Embedding,True,41,54,0.589885,2
kor,sentence-transformers__static-similarity-mrl-multilingual-v1,True,42,54,0.308175,2
kor,sdadas__mmlw-e5-base,True,43,54,0.04788,2
kor,sdadas__mmlw-e5-small,True,44,54,0.045985,2
kor,sergeyzh__LaBSE-ru-turbo,True,45,54,0.04298,2
kor,cointegrated__LaBSE-en-ru,True,46,54,0.03987,2
kor,sergeyzh__rubert-tiny-turbo,True,47,54,0.038955,2
kor,cointegrated__rubert-tiny2,True,48,54,0.0258499999999999,2
kor,DeepPavlov__rubert-base-cased-sentence,True,49,54,0.014355,2
kor,ai-forever__sbert_large_mt_nlu_ru,True,50,54,0.01347,2
kor,ai-forever__sbert_large_nlu_ru,True,51,54,0.01074,2
kor,cointegrated__rubert-tiny,True,52,54,0.0088799999999999,2
kor,DeepPavlov__distilrubert-small-cased-conversational,True,53,54,0.008615,2
kor,deepvk__deberta-v1-base,True,54,54,0.00693,2
ben,google__gemini-embedding-001,True,1,53,0.8808400000000001,3
ben,Qwen__Qwen3-Embedding-8B,True,2,53,0.8667633333333334,3
ben,nvidia__llama-embed-nemotron-8b,True,3,53,0.8545866666666666,3
ben,microsoft__harrier-oss-v1-27b,True,4,53,0.84879,3
ben,codefuse-ai__F2LLM-v2-14B,True,5,53,0.84177,3
ben,tencent__KaLM-Embedding-Gemma3-12B-2511,True,6,53,0.8403133333333334,3
ben,Qwen__Qwen3-Embedding-4B,True,7,53,0.8273566666666667,3
ben,codefuse-ai__F2LLM-v2-8B,True,8,53,0.82371,3
ben,codefuse-ai__F2LLM-v2-4B,True,9,53,0.8009833333333334,3
ben,ICT-TIME-and-Querit__ICT-TIME-and-Querit-embedding-v1,True,10,53,0.7821266666666666,3
ben,perplexity-ai__pplx-embed-v1-4b,True,11,53,0.7799666666666667,3
ben,Bytedance__Seed1.6-embedding-1215,True,12,53,0.7776933333333332,3
ben,jinaai__jina-embeddings-v5-text-small,True,13,53,0.7746599999999999,3
ben,ICT-TIME-and-Querit__BOOM_4B_v1,True,14,53,0.7705166666666666,3
ben,infly__inf-retriever-v1,True,15,53,0.7690633333333334,3
ben,codefuse-ai__F2LLM-v2-1.7B,True,16,53,0.7604299999999999,3
ben,zeroentropy__zembed-1,True,17,53,0.7511833333333332,3
ben,google__embeddinggemma-300m,True,18,53,0.7471766666666667,3
ben,jinaai__jina-embeddings-v5-text-nano,True,19,53,0.7428333333333333,3
ben,BidirLM__BidirLM-1.7B-Embedding,True,20,53,0.7329466666666667,3
ben,perplexity-ai__pplx-embed-v1-0.6b,True,21,53,0.7328800000000001,3
ben,BidirLM__BidirLM-Omni-2.5B-Embedding,True,22,53,0.72803,3
ben,BidirLM__BidirLM-1B-Embedding,True,23,53,0.7278966666666667,3
ben,voyageai__voyage-3.5,True,24,53,0.7267766666666667,3
ben,BAAI__bge-m3,True,25,53,0.7240833333333333,3
ben,google__text-multilingual-embedding-002,True,26,53,0.7120433333333334,3
ben,GritLM__GritLM-7B,True,27,53,0.7046033333333334,3
ben,codefuse-ai__F2LLM-v2-0.6B,True,28,53,0.6921966666666667,3
ben,infly__inf-retriever-v1-1.5b,True,29,53,0.6890533333333333,3
ben,Qwen__Qwen3-Embedding-0.6B,True,30,53,0.6878433333333334,3
ben,codefuse-ai__F2LLM-v2-330M,True,31,53,0.6730533333333333,3
ben,ibm-granite__granite-embedding-311m-multilingual-r2,True,32,53,0.64513,3
ben,BidirLM__BidirLM-0.6B-Embedding,True,33,53,0.64448,3
ben,microsoft__harrier-oss-v1-0.6b,True,34,53,0.6444366666666667,3
ben,microsoft__harrier-oss-v1-270m,True,35,53,0.6407166666666666,3
ben,Snowflake__snowflake-arctic-embed-m-v2.0,True,36,53,0.59514,3
ben,codefuse-ai__F2LLM-v2-160M,True,37,53,0.5890066666666666,3
ben,BidirLM__BidirLM-270M-Embedding,True,38,53,0.5563333333333333,3
ben,ibm-granite__granite-embedding-97m-multilingual-r2,True,39,53,0.54252,3
ben,codefuse-ai__F2LLM-v2-80M,True,40,53,0.5290400000000001,3
ben,sentence-transformers__static-similarity-mrl-multilingual-v1,True,41,53,0.26642,3
ben,sdadas__mmlw-e5-base,True,42,53,0.0179466666666666,3
ben,sdadas__mmlw-e5-small,True,43,53,0.01792,3
ben,sergeyzh__LaBSE-ru-turbo,True,44,53,0.0144,3
ben,cointegrated__LaBSE-en-ru,True,45,53,0.0141133333333333,3
ben,sergeyzh__rubert-tiny-turbo,True,46,53,0.0119666666666666,3
ben,cointegrated__rubert-tiny2,True,47,53,0.0072799999999999,3
ben,ai-forever__sbert_large_mt_nlu_ru,True,48,53,0.0061433333333333,3
ben,DeepPavlov__rubert-base-cased-sentence,True,49,53,0.0059933333333333,3
ben,ai-forever__sbert_large_nlu_ru,True,50,53,0.00571,3
ben,deepvk__deberta-v1-base,True,51,53,0.0050433333333333,3
ben,DeepPavlov__distilrubert-small-cased-conversational,True,52,53,0.0043233333333333,3
ben,cointegrated__rubert-tiny,True,53,53,0.0043166666666666,3
vie,Qwen__Qwen3-Embedding-8B,True,1,54,0.889135,2
vie,google__gemini-embedding-001,True,2,54,0.87487,2
vie,perplexity-ai__pplx-embed-v1-4b,True,3,54,0.86557,2
vie,nvidia__llama-embed-nemotron-8b,True,4,54,0.86518,2
vie,tencent__KaLM-Embedding-Gemma3-12B-2511,True,5,54,0.8622799999999999,2
vie,Qwen__Qwen3-Embedding-4B,True,6,54,0.85516,2
vie,microsoft__harrier-oss-v1-27b,True,7,54,0.850475,2
vie,codefuse-ai__F2LLM-v2-14B,True,8,54,0.8498749999999999,2
vie,Bytedance__Seed1.6-embedding-1215,True,9,54,0.844065,2
vie,codefuse-ai__F2LLM-v2-8B,True,10,54,0.84358,2
vie,infly__inf-retriever-v1,True,11,54,0.838785,2
vie,jinaai__jina-embeddings-v5-text-small,True,12,54,0.83318,2
vie,codefuse-ai__F2LLM-v2-4B,True,13,54,0.83046,2
vie,zeroentropy__zembed-1,True,14,54,0.8256950000000001,2
vie,jinaai__jina-embeddings-v5-text-nano,True,15,54,0.8237,2
vie,perplexity-ai__pplx-embed-v1-0.6b,True,16,54,0.82279,2
vie,codefuse-ai__F2LLM-v2-1.7B,True,17,54,0.821495,2
vie,BidirLM__BidirLM-1.7B-Embedding,True,18,54,0.815935,2
vie,BidirLM__BidirLM-Omni-2.5B-Embedding,True,19,54,0.815905,2
vie,ICT-TIME-and-Querit__ICT-TIME-and-Querit-embedding-v1,True,20,54,0.8157,2
vie,ICT-TIME-and-Querit__BOOM_4B_v1,True,21,54,0.8135,2
vie,google__embeddinggemma-300m,True,22,54,0.804405,2
vie,voyageai__voyage-3.5,True,23,54,0.802,2
vie,BidirLM__BidirLM-1B-Embedding,True,24,54,0.800035,2
vie,codefuse-ai__F2LLM-v2-0.6B,True,25,54,0.7941100000000001,2
vie,infly__inf-retriever-v1-1.5b,True,26,54,0.7852399999999999,2
vie,Qwen__Qwen3-Embedding-0.6B,True,27,54,0.780235,2
vie,BAAI__bge-m3,True,28,54,0.77475,2
vie,BidirLM__BidirLM-0.6B-Embedding,True,29,54,0.768635,2
vie,microsoft__harrier-oss-v1-0.6b,True,30,54,0.76572,2
vie,codefuse-ai__F2LLM-v2-330M,True,31,54,0.764625,2
vie,GritLM__GritLM-7B,True,32,54,0.74101,2
vie,google__text-multilingual-embedding-002,True,33,54,0.738535,2
vie,microsoft__harrier-oss-v1-270m,True,34,54,0.721375,2
vie,codefuse-ai__F2LLM-v2-160M,True,35,54,0.7114750000000001,2
vie,ibm-granite__granite-embedding-311m-multilingual-r2,True,36,54,0.69712,2
vie,BidirLM__BidirLM-270M-Embedding,True,37,54,0.666155,2
vie,codefuse-ai__F2LLM-v2-80M,True,38,54,0.66184,2
vie,intfloat__multilingual-e5-small,True,39,54,0.60826,2
vie,ibm-granite__granite-embedding-97m-multilingual-r2,True,40,54,0.604625,2
vie,Snowflake__snowflake-arctic-embed-m-v2.0,True,41,54,0.49983,2
vie,sentence-transformers__static-similarity-mrl-multilingual-v1,True,42,54,0.3809,2
vie,sergeyzh__LaBSE-ru-turbo,True,43,54,0.187465,2
vie,cointegrated__LaBSE-en-ru,True,44,54,0.18645,2
vie,sdadas__mmlw-e5-base,True,45,54,0.15916,2
vie,sdadas__mmlw-e5-small,True,46,54,0.139635,2
vie,sergeyzh__rubert-tiny-turbo,True,47,54,0.10515,2
vie,cointegrated__rubert-tiny2,True,48,54,0.0414799999999999,2
vie,DeepPavlov__rubert-base-cased-sentence,True,49,54,0.03316,2
vie,ai-forever__sbert_large_mt_nlu_ru,True,50,54,0.0141,2
vie,cointegrated__rubert-tiny,True,51,54,0.01112,2
vie,ai-forever__sbert_large_nlu_ru,True,52,54,0.01037,2
vie,DeepPavlov__distilrubert-small-cased-conversational,True,53,54,0.00963,2
vie,deepvk__deberta-v1-base,True,54,54,0.008755,2
ind,Qwen__Qwen3-Embedding-8B,True,1,54,0.7781750000000001,2
ind,nvidia__llama-embed-nemotron-8b,True,2,54,0.77243,2
ind,Qwen__Qwen3-Embedding-4B,True,3,54,0.755925,2
ind,microsoft__harrier-oss-v1-27b,True,4,54,0.75119,2
ind,google__gemini-embedding-001,True,5,54,0.749535,2
ind,BAAI__bge-m3,True,6,54,0.741165,2
ind,tencent__KaLM-Embedding-Gemma3-12B-2511,True,7,54,0.74075,2
ind,perplexity-ai__pplx-embed-v1-0.6b,True,8,54,0.739205,2
ind,ICT-TIME-and-Querit__BOOM_4B_v1,True,9,54,0.73668,2
ind,perplexity-ai__pplx-embed-v1-4b,True,10,54,0.73565,2
ind,jinaai__jina-embeddings-v5-text-small,True,11,54,0.73326,2
ind,BidirLM__BidirLM-1.7B-Embedding,True,12,54,0.7331449999999999,2
ind,ICT-TIME-and-Querit__ICT-TIME-and-Querit-embedding-v1,True,13,54,0.73095,2
ind,BidirLM__BidirLM-1B-Embedding,True,14,54,0.730175,2
ind,google__embeddinggemma-300m,True,15,54,0.7289,2
ind,jinaai__jina-embeddings-v5-text-nano,True,16,54,0.724715,2
ind,BidirLM__BidirLM-Omni-2.5B-Embedding,True,17,54,0.7229749999999999,2
ind,infly__inf-retriever-v1,True,18,54,0.72158,2
ind,codefuse-ai__F2LLM-v2-14B,True,19,54,0.7212149999999999,2
ind,microsoft__harrier-oss-v1-0.6b,True,20,54,0.71989,2
ind,codefuse-ai__F2LLM-v2-8B,True,21,54,0.716505,2
ind,codefuse-ai__F2LLM-v2-4B,True,22,54,0.71384,2
ind,Bytedance__Seed1.6-embedding-1215,True,23,54,0.713355,2
ind,zeroentropy__zembed-1,True,24,54,0.711905,2
ind,Qwen__Qwen3-Embedding-0.6B,True,25,54,0.7094499999999999,2
ind,codefuse-ai__F2LLM-v2-1.7B,True,26,54,0.70879,2
ind,BidirLM__BidirLM-0.6B-Embedding,True,27,54,0.70801,2
ind,infly__inf-retriever-v1-1.5b,True,28,54,0.7009749999999999,2
ind,microsoft__harrier-oss-v1-270m,True,29,54,0.689175,2
ind,codefuse-ai__F2LLM-v2-0.6B,True,30,54,0.688025,2
ind,google__text-multilingual-embedding-002,True,31,54,0.684815,2
ind,voyageai__voyage-3.5,True,32,54,0.684715,2
ind,codefuse-ai__F2LLM-v2-330M,True,33,54,0.6730499999999999,2
ind,GritLM__GritLM-7B,True,34,54,0.669565,2
ind,intfloat__multilingual-e5-small,True,35,54,0.664855,2
ind,ibm-granite__granite-embedding-311m-multilingual-r2,True,36,54,0.6610499999999999,2
ind,BidirLM__BidirLM-270M-Embedding,True,37,54,0.6585300000000001,2
ind,codefuse-ai__F2LLM-v2-160M,True,38,54,0.63584,2
ind,ibm-granite__granite-embedding-97m-multilingual-r2,True,39,54,0.620745,2
ind,Snowflake__snowflake-arctic-embed-m-v2.0,True,40,54,0.6201300000000001,2
ind,codefuse-ai__F2LLM-v2-80M,True,41,54,0.604215,2
ind,sentence-transformers__static-similarity-mrl-multilingual-v1,True,42,54,0.39317,2
ind,cointegrated__LaBSE-en-ru,True,43,54,0.204405,2
ind,sdadas__mmlw-e5-base,True,44,54,0.1873749999999999,2
ind,sergeyzh__LaBSE-ru-turbo,True,45,54,0.178315,2
ind,sdadas__mmlw-e5-small,True,46,54,0.150855,2
ind,sergeyzh__rubert-tiny-turbo,True,47,54,0.090705,2
ind,DeepPavlov__rubert-base-cased-sentence,True,48,54,0.035655,2
ind,cointegrated__rubert-tiny2,True,49,54,0.026245,2
ind,DeepPavlov__distilrubert-small-cased-conversational,True,50,54,0.012365,2
ind,cointegrated__rubert-tiny,True,51,54,0.010825,2
ind,ai-forever__sbert_large_nlu_ru,True,52,54,0.00943,2
ind,ai-forever__sbert_large_mt_nlu_ru,True,53,54,0.008105,2
ind,deepvk__deberta-v1-base,True,54,54,0.006705,2
fas,nvidia__llama-embed-nemotron-8b,True,1,53,0.8377433333333334,3
fas,Qwen__Qwen3-Embedding-8B,True,2,53,0.8370066666666668,3
fas,google__gemini-embedding-001,True,3,53,0.83234,3
fas,tencent__KaLM-Embedding-Gemma3-12B-2511,True,4,53,0.8142,3
fas,microsoft__harrier-oss-v1-27b,True,5,53,0.81413,3
fas,Qwen__Qwen3-Embedding-4B,True,6,53,0.8131866666666667,3
fas,perplexity-ai__pplx-embed-v1-4b,True,7,53,0.8130633333333334,3
fas,google__embeddinggemma-300m,True,8,53,0.8056866666666668,3
fas,BAAI__bge-m3,True,9,53,0.8052833333333332,3
fas,perplexity-ai__pplx-embed-v1-0.6b,True,10,53,0.80493,3
fas,codefuse-ai__F2LLM-v2-8B,True,11,53,0.8009466666666666,3
fas,codefuse-ai__F2LLM-v2-14B,True,12,53,0.80003,3
fas,jinaai__jina-embeddings-v5-text-small,True,13,53,0.7905066666666666,3
fas,codefuse-ai__F2LLM-v2-4B,True,14,53,0.78997,3
fas,jinaai__jina-embeddings-v5-text-nano,True,15,53,0.7876599999999999,3
fas,infly__inf-retriever-v1,True,16,53,0.7868533333333333,3
fas,BidirLM__BidirLM-1B-Embedding,True,17,53,0.77772,3
fas,ICT-TIME-and-Querit__BOOM_4B_v1,True,18,53,0.7771733333333334,3
fas,codefuse-ai__F2LLM-v2-1.7B,True,19,53,0.7765066666666666,3
fas,ICT-TIME-and-Querit__ICT-TIME-and-Querit-embedding-v1,True,20,53,0.7761,3
fas,BidirLM__BidirLM-1.7B-Embedding,True,21,53,0.7717333333333333,3
fas,BidirLM__BidirLM-Omni-2.5B-Embedding,True,22,53,0.76348,3
fas,voyageai__voyage-3.5,True,23,53,0.76181,3
fas,google__text-multilingual-embedding-002,True,24,53,0.7525700000000001,3
fas,codefuse-ai__F2LLM-v2-0.6B,True,25,53,0.7489033333333334,3
fas,zeroentropy__zembed-1,True,26,53,0.7475766666666668,3
fas,microsoft__harrier-oss-v1-0.6b,True,27,53,0.73893,3
fas,infly__inf-retriever-v1-1.5b,True,28,53,0.7353033333333333,3
fas,codefuse-ai__F2LLM-v2-330M,True,29,53,0.7316933333333333,3
fas,Qwen__Qwen3-Embedding-0.6B,True,30,53,0.7290633333333334,3
fas,Bytedance__Seed1.6-embedding-1215,True,31,53,0.72049,3
fas,ibm-granite__granite-embedding-311m-multilingual-r2,True,32,53,0.7180533333333333,3
fas,microsoft__harrier-oss-v1-270m,True,33,53,0.7156266666666667,3
fas,BidirLM__BidirLM-0.6B-Embedding,True,34,53,0.7142566666666667,3
fas,GritLM__GritLM-7B,True,35,53,0.7041266666666667,3
fas,Snowflake__snowflake-arctic-embed-m-v2.0,True,36,53,0.7003666666666666,3
fas,codefuse-ai__F2LLM-v2-160M,True,37,53,0.6915166666666667,3
fas,codefuse-ai__F2LLM-v2-80M,True,38,53,0.6615000000000001,3
fas,BidirLM__BidirLM-270M-Embedding,True,39,53,0.65231,3
fas,ibm-granite__granite-embedding-97m-multilingual-r2,True,40,53,0.65024,3
fas,sentence-transformers__static-similarity-mrl-multilingual-v1,True,41,53,0.41308,3
fas,sdadas__mmlw-e5-base,True,42,53,0.03927,3
fas,sergeyzh__LaBSE-ru-turbo,True,43,53,0.03728,3
fas,sdadas__mmlw-e5-small,True,44,53,0.0365733333333333,3
fas,cointegrated__LaBSE-en-ru,True,45,53,0.0341466666666666,3
fas,sergeyzh__rubert-tiny-turbo,True,46,53,0.0311366666666666,3
fas,cointegrated__rubert-tiny2,True,47,53,0.0193733333333333,3
fas,ai-forever__sbert_large_mt_nlu_ru,True,48,53,0.0109266666666666,3
fas,DeepPavlov__rubert-base-cased-sentence,True,49,53,0.0092366666666666,3
fas,ai-forever__sbert_large_nlu_ru,True,50,53,0.00897,3
fas,DeepPavlov__distilrubert-small-cased-conversational,True,51,53,0.0069133333333333,3
fas,cointegrated__rubert-tiny,True,52,53,0.0063366666666666,3
fas,deepvk__deberta-v1-base,True,53,53,0.0059366666666666,3
swa,google__gemini-embedding-001,True,1,54,0.8648,2
swa,nvidia__llama-embed-nemotron-8b,True,2,54,0.82855,2
swa,tencent__KaLM-Embedding-Gemma3-12B-2511,True,3,54,0.8273299999999999,2
swa,microsoft__harrier-oss-v1-27b,True,4,54,0.81355,2
swa,BAAI__bge-m3,True,5,54,0.81134,2
swa,perplexity-ai__pplx-embed-v1-4b,True,6,54,0.7717700000000001,2
swa,perplexity-ai__pplx-embed-v1-0.6b,True,7,54,0.7712300000000001,2
swa,Qwen__Qwen3-Embedding-8B,True,8,54,0.76654,2
swa,codefuse-ai__F2LLM-v2-8B,True,9,54,0.76622,2
swa,codefuse-ai__F2LLM-v2-14B,True,10,54,0.76338,2
swa,google__text-multilingual-embedding-002,True,11,54,0.75232,2
swa,codefuse-ai__F2LLM-v2-4B,True,12,54,0.7371,2
swa,BidirLM__BidirLM-1B-Embedding,True,13,54,0.7172099999999999,2
swa,codefuse-ai__F2LLM-v2-1.7B,True,14,54,0.714835,2
swa,google__embeddinggemma-300m,True,15,54,0.70116,2
swa,microsoft__harrier-oss-v1-0.6b,True,16,54,0.68781,2
swa,Bytedance__Seed1.6-embedding-1215,True,17,54,0.6816599999999999,2
swa,microsoft__harrier-oss-v1-270m,True,18,54,0.679485,2
swa,Qwen__Qwen3-Embedding-4B,True,19,54,0.674955,2
swa,intfloat__multilingual-e5-small,True,20,54,0.64535,2
swa,codefuse-ai__F2LLM-v2-0.6B,True,21,54,0.640555,2
swa,ibm-granite__granite-embedding-311m-multilingual-r2,True,22,54,0.625475,2
swa,GritLM__GritLM-7B,True,23,54,0.6234599999999999,2
swa,jinaai__jina-embeddings-v5-text-small,True,24,54,0.6030800000000001,2
swa,jinaai__jina-embeddings-v5-text-nano,True,25,54,0.6007,2
swa,infly__inf-retriever-v1,True,26,54,0.596,2
swa,voyageai__voyage-3.5,True,27,54,0.5861149999999999,2
swa,codefuse-ai__F2LLM-v2-330M,True,28,54,0.582555,2
swa,BidirLM__BidirLM-1.7B-Embedding,True,29,54,0.5807249999999999,2
swa,ICT-TIME-and-Querit__ICT-TIME-and-Querit-embedding-v1,True,30,54,0.565995,2
swa,ICT-TIME-and-Querit__BOOM_4B_v1,True,31,54,0.562685,2
swa,infly__inf-retriever-v1-1.5b,True,32,54,0.52439,2
swa,codefuse-ai__F2LLM-v2-160M,True,33,54,0.522595,2
swa,ibm-granite__granite-embedding-97m-multilingual-r2,True,34,54,0.52228,2
swa,zeroentropy__zembed-1,True,35,54,0.512705,2
swa,BidirLM__BidirLM-Omni-2.5B-Embedding,True,36,54,0.50994,2
swa,codefuse-ai__F2LLM-v2-80M,True,37,54,0.4816,2
swa,Qwen__Qwen3-Embedding-0.6B,True,38,54,0.481545,2
swa,BidirLM__BidirLM-0.6B-Embedding,True,39,54,0.481165,2
swa,Snowflake__snowflake-arctic-embed-m-v2.0,True,40,54,0.418215,2
swa,BidirLM__BidirLM-270M-Embedding,True,41,54,0.413565,2
swa,sentence-transformers__static-similarity-mrl-multilingual-v1,True,42,54,0.201955,2
swa,sergeyzh__LaBSE-ru-turbo,True,43,54,0.1993849999999999,2
swa,cointegrated__LaBSE-en-ru,True,44,54,0.18088,2
swa,sdadas__mmlw-e5-base,True,45,54,0.146855,2
swa,sdadas__mmlw-e5-small,True,46,54,0.121215,2
swa,sergeyzh__rubert-tiny-turbo,True,47,54,0.087785,2
swa,DeepPavlov__rubert-base-cased-sentence,True,48,54,0.0228099999999999,2
swa,cointegrated__rubert-tiny2,True,49,54,0.021425,2
swa,DeepPavlov__distilrubert-small-cased-conversational,True,50,54,0.01811,2
swa,cointegrated__rubert-tiny,True,51,54,0.012565,2
swa,ai-forever__sbert_large_mt_nlu_ru,True,52,54,0.0108,2
swa,deepvk__deberta-v1-base,True,53,54,0.010425,2
swa,ai-forever__sbert_large_nlu_ru,True,54,54,0.008975,2
tha,Qwen__Qwen3-Embedding-8B,True,1,54,0.896535,2
tha,nvidia__llama-embed-nemotron-8b,True,2,54,0.8877349999999999,2
tha,google__gemini-embedding-001,True,3,54,0.8748549999999999,2
tha,microsoft__harrier-oss-v1-27b,True,4,54,0.86841,2
tha,Qwen__Qwen3-Embedding-4B,True,5,54,0.861235,2
tha,tencent__KaLM-Embedding-Gemma3-12B-2511,True,6,54,0.861,2
tha,codefuse-ai__F2LLM-v2-14B,True,7,54,0.85553,2
tha,BAAI__bge-m3,True,8,54,0.853405,2
tha,codefuse-ai__F2LLM-v2-8B,True,9,54,0.850545,2
tha,jinaai__jina-embeddings-v5-text-small,True,10,54,0.848835,2
tha,jinaai__jina-embeddings-v5-text-nano,True,11,54,0.84242,2
tha,perplexity-ai__pplx-embed-v1-0.6b,True,12,54,0.842025,2
tha,perplexity-ai__pplx-embed-v1-4b,True,13,54,0.837315,2
tha,google__embeddinggemma-300m,True,14,54,0.83649,2
tha,BidirLM__BidirLM-1B-Embedding,True,15,54,0.83571,2
tha,BidirLM__BidirLM-1.7B-Embedding,True,16,54,0.8356600000000001,2
tha,ICT-TIME-and-Querit__BOOM_4B_v1,True,17,54,0.83563,2
tha,codefuse-ai__F2LLM-v2-4B,True,18,54,0.8323050000000001,2
tha,ICT-TIME-and-Querit__ICT-TIME-and-Querit-embedding-v1,True,19,54,0.83043,2
tha,codefuse-ai__F2LLM-v2-1.7B,True,20,54,0.820465,2
tha,infly__inf-retriever-v1,True,21,54,0.82001,2
tha,BidirLM__BidirLM-Omni-2.5B-Embedding,True,22,54,0.81585,2
tha,infly__inf-retriever-v1-1.5b,True,23,54,0.8029999999999999,2
tha,zeroentropy__zembed-1,True,24,54,0.80138,2
tha,Qwen__Qwen3-Embedding-0.6B,True,25,54,0.791885,2
tha,microsoft__harrier-oss-v1-0.6b,True,26,54,0.79061,2
tha,codefuse-ai__F2LLM-v2-0.6B,True,27,54,0.7885599999999999,2
tha,Bytedance__Seed1.6-embedding-1215,True,28,54,0.780835,2
tha,BidirLM__BidirLM-0.6B-Embedding,True,29,54,0.7751,2
tha,voyageai__voyage-3.5,True,30,54,0.77275,2
tha,google__text-multilingual-embedding-002,True,31,54,0.765925,2
tha,codefuse-ai__F2LLM-v2-330M,True,32,54,0.7613300000000001,2
tha,microsoft__harrier-oss-v1-270m,True,33,54,0.7476,2
tha,intfloat__multilingual-e5-small,True,34,54,0.745965,2
tha,Snowflake__snowflake-arctic-embed-m-v2.0,True,35,54,0.74083,2
tha,ibm-granite__granite-embedding-311m-multilingual-r2,True,36,54,0.7227600000000001,2
tha,codefuse-ai__F2LLM-v2-160M,True,37,54,0.698485,2
tha,BidirLM__BidirLM-270M-Embedding,True,38,54,0.655095,2
tha,codefuse-ai__F2LLM-v2-80M,True,39,54,0.654055,2
tha,GritLM__GritLM-7B,True,40,54,0.6431450000000001,2
tha,ibm-granite__granite-embedding-97m-multilingual-r2,True,41,54,0.58666,2
tha,sergeyzh__LaBSE-ru-turbo,True,42,54,0.05896,2
tha,sentence-transformers__static-similarity-mrl-multilingual-v1,True,43,54,0.0565,2
tha,cointegrated__LaBSE-en-ru,True,44,54,0.052185,2
tha,sergeyzh__rubert-tiny-turbo,True,45,54,0.050655,2
tha,sdadas__mmlw-e5-small,True,46,54,0.041695,2
tha,sdadas__mmlw-e5-base,True,47,54,0.04163,2
tha,cointegrated__rubert-tiny2,True,48,54,0.028595,2
tha,DeepPavlov__rubert-base-cased-sentence,True,49,54,0.01824,2
tha,ai-forever__sbert_large_mt_nlu_ru,True,50,54,0.012695,2
tha,cointegrated__rubert-tiny,True,51,54,0.011605,2
tha,DeepPavlov__distilrubert-small-cased-conversational,True,52,54,0.01129,2
tha,ai-forever__sbert_large_nlu_ru,True,53,54,0.009295,2
tha,deepvk__deberta-v1-base,True,54,54,0.004405,2
tel,Qwen__Qwen3-Embedding-8B,True,1,54,0.90659,2
tel,codefuse-ai__F2LLM-v2-14B,True,2,54,0.8766849999999999,2
tel,nvidia__llama-embed-nemotron-8b,True,3,54,0.87595,2
tel,tencent__KaLM-Embedding-Gemma3-12B-2511,True,4,54,0.87447,2
tel,microsoft__harrier-oss-v1-27b,True,5,54,0.8710549999999999,2
tel,google__gemini-embedding-001,True,6,54,0.868395,2
tel,codefuse-ai__F2LLM-v2-8B,True,7,54,0.867955,2
tel,BAAI__bge-m3,True,8,54,0.866995,2
tel,Qwen__Qwen3-Embedding-4B,True,9,54,0.86602,2
tel,codefuse-ai__F2LLM-v2-4B,True,10,54,0.853655,2
tel,jinaai__jina-embeddings-v5-text-small,True,11,54,0.844795,2
tel,google__embeddinggemma-300m,True,12,54,0.8292299999999999,2
tel,ICT-TIME-and-Querit__ICT-TIME-and-Querit-embedding-v1,True,13,54,0.826665,2
tel,codefuse-ai__F2LLM-v2-1.7B,True,14,54,0.82511,2
tel,perplexity-ai__pplx-embed-v1-4b,True,15,54,0.82389,2
tel,BidirLM__BidirLM-1B-Embedding,True,16,54,0.821305,2
tel,perplexity-ai__pplx-embed-v1-0.6b,True,17,54,0.815485,2
tel,ICT-TIME-and-Querit__BOOM_4B_v1,True,18,54,0.81488,2
tel,BidirLM__BidirLM-Omni-2.5B-Embedding,True,19,54,0.8019000000000001,2
tel,jinaai__jina-embeddings-v5-text-nano,True,20,54,0.7998149999999999,2
tel,BidirLM__BidirLM-1.7B-Embedding,True,21,54,0.79476,2
tel,google__text-multilingual-embedding-002,True,22,54,0.7857799999999999,2
tel,Bytedance__Seed1.6-embedding-1215,True,23,54,0.783155,2
tel,microsoft__harrier-oss-v1-0.6b,True,24,54,0.77608,2
tel,microsoft__harrier-oss-v1-270m,True,25,54,0.76225,2
tel,codefuse-ai__F2LLM-v2-0.6B,True,26,54,0.75861,2
tel,Snowflake__snowflake-arctic-embed-m-v2.0,True,27,54,0.756475,2
tel,voyageai__voyage-3.5,True,28,54,0.751715,2
tel,intfloat__multilingual-e5-small,True,29,54,0.7444599999999999,2
tel,ibm-granite__granite-embedding-311m-multilingual-r2,True,30,54,0.7232350000000001,2
tel,zeroentropy__zembed-1,True,31,54,0.7216899999999999,2
tel,Qwen__Qwen3-Embedding-0.6B,True,32,54,0.72138,2
tel,codefuse-ai__F2LLM-v2-330M,True,33,54,0.7034450000000001,2
tel,BidirLM__BidirLM-0.6B-Embedding,True,34,54,0.635795,2
tel,codefuse-ai__F2LLM-v2-160M,True,35,54,0.627115,2
tel,infly__inf-retriever-v1,True,36,54,0.61402,2
tel,codefuse-ai__F2LLM-v2-80M,True,37,54,0.56935,2
tel,BidirLM__BidirLM-270M-Embedding,True,38,54,0.56534,2
tel,ibm-granite__granite-embedding-97m-multilingual-r2,True,39,54,0.55974,2
tel,infly__inf-retriever-v1-1.5b,True,40,54,0.5161100000000001,2
tel,GritLM__GritLM-7B,True,41,54,0.486745,2
tel,sentence-transformers__static-similarity-mrl-multilingual-v1,True,42,54,0.1022349999999999,2
tel,sergeyzh__LaBSE-ru-turbo,True,43,54,0.02328,2
tel,sergeyzh__rubert-tiny-turbo,True,44,54,0.022195,2
tel,cointegrated__LaBSE-en-ru,True,45,54,0.0205799999999999,2
tel,sdadas__mmlw-e5-small,True,46,54,0.0201949999999999,2
tel,sdadas__mmlw-e5-base,True,47,54,0.019215,2
tel,cointegrated__rubert-tiny2,True,48,54,0.01431,2
tel,DeepPavlov__rubert-base-cased-sentence,True,49,54,0.00832,2
tel,ai-forever__sbert_large_nlu_ru,True,50,54,0.00684,2
tel,cointegrated__rubert-tiny,True,51,54,0.00682,2
tel,DeepPavlov__distilrubert-small-cased-conversational,True,52,54,0.00663,2
tel,ai-forever__sbert_large_mt_nlu_ru,True,53,54,0.006115,2
tel,deepvk__deberta-v1-base,True,54,54,0.00519,2
